{"_id":{"$oid":"56168969499588a00b2289a0"},"name":"Philips","status":"success","__v":0}
{"_id":{"$oid":"5616896c499588a00b2289a1"},"name":"BBraun_PL","status":"success","__v":0}
{"_id":{"$oid":"5616896f499588a00b2289a2"},"name":"WelchAllyn","status":"success","__v":0}
{"_id":{"$oid":"581798779ab2269f0f80f6e4"},"name":"aaaa","status":"warning","__v":0}
{"_id":{"$oid":"58179d7447cdbc2e27575c35"},"status":"warning","__v":0}
{"_id":{"$oid":"5817a147655cca312a2fe5ca"},"name":"tttttt","status":"warning","__v":0}
{"_id":{"$oid":"588a69cb07b5c656450c0959"},"name":"test","status":"warning","__v":0}
