{"_id":73,"groupName":"_BOOL","groupDescription":"Boolean","enums":[{"_id":790,"token":"TRUE","tags":["IP_NA_CAT_15"]},{"_id":791,"token":"FALSE","tags":["IP_NA_CAT_15"]}]}
{"_id":76,"groupName":"_MDC_INFUS_EVENT","groupDescription":"Infusion Event","enums":[{"_id":835,"token":"infusion-event-vtbi-complete","tags":["IP_NA_CAT_15"]},{"_id":833,"token":"infusion-event-start","tags":["IP_NA_CAT_15"]},{"_id":834,"token":"infusion-event-stop","tags":["IP_NA_CAT_15"]}]}
{"_id":75,"groupName":"_MDC_ATTR_AL_COND_DELETED","groupDescription":"Alarm Condition","enums":[{"_id":817,"term":{"refid":"MDC_EVT_SYRINGE_NUT_ENGAGED","code10":614,"cfCode10":197222,"partition":3,"status":"approved"}},{"_id":827,"term":{"refid":"MDC_EVT_SYRINGE_PATIENT_PRESSURE_ALARM","code10":620,"cfCode10":197228,"partition":3,"status":"approved"}},{"_id":831,"term":{"refid":"MDC_EVT_SYRINGE_PRESSURE_DISC","code10":628,"cfCode10":197236,"partition":3,"status":"approved"}},{"_id":829,"term":{"refid":"MDC_EVT_SYRINGE_FLANGE","code10":624,"cfCode10":197232,"partition":3,"status":"approved"}},{"_id":828,"term":{"refid":"MDC_EVT_SYRINGE_PLUNGER","code10":622,"cfCode10":197230,"partition":3,"status":"approved"}},{"_id":830,"term":{"refid":"MDC_EVT_SYRINGE_LEVER","code10":626,"cfCode10":197234,"partition":3,"status":"approved"}},{"_id":832,"term":{"refid":"MDC_EVT_HANDSET_DETACHED","code10":746,"cfCode10":197354,"partition":3,"status":"approved"}}]}
{"_id":77,"groupName":"_MDC_PUMP_MODE","groupDescription":"Operational Mode","enums":[{"_id":1062,"token":"pump-mode-other","numValue":22,"description":"The pump is programmed in an operational mode that does not match one of the defined modes.","tags":["IP_NA_CAT_15"]},{"_id":1055,"token":"pump-mode-clinician-dose","numValue":17,"tags":["IP_NA_CAT_15"]},{"_id":847,"token":"pump-mode-piggyback","numValue":16,"tags":["IP_NA_CAT_15"]},{"_id":840,"token":"pump-mode-multi-dosing","numValue":8,"tags":["IP_NA_CAT_15"]},{"_id":845,"token":"pump-mode-continuous","numValue":15,"tags":["IP_NA_CAT_15"]},{"_id":838,"token":"pump-mode-ramp-taper","numValue":9,"tags":["IP_NA_CAT_15"]},{"_id":842,"token":"pump-mode-loading-dose","numValue":14,"tags":["IP_NA_CAT_15"]},{"_id":1060,"token":"pump-mode-patient-dose","numValue":10,"description":"The infusion pump is programmed to allow patient-initiated drug dosing (e.g., PCA). Replaced pump-mode-pca that has the same value.","tags":["IP_NA_CAT_15"]},{"_id":1061,"token":"pump-mode-priming","numValue":21,"description":"The pump is currently priming the fluid line. Though it is moving fluid, it is not intended to be delivered to the patient, but rather to fill the line, purge air, etc.","tags":["IP_NA_CAT_15"]},{"_id":1057,"token":"pump-mode-flushing","numValue":19,"tags":["IP_NA_CAT_15"]},{"_id":848,"token":"pump-mode-concurrent","numValue":20,"tags":["IP_NA_CAT_15"]},{"_id":837,"token":"pump-mode-drug-dosing","numValue":7,"tags":["IP_NA_CAT_15"]},{"_id":1056,"token":"pump-mode-kvo","numValue":18,"tags":["IP_NA_CAT_15"]},{"_id":839,"token":"pump-mode-multi-step","numValue":4,"tags":["IP_NA_CAT_15"]}]}
{"_id":79,"groupName":"_BODY_SITE_NBP_BP","groupDescription":"Body Site - BP","enums":[{"_id":859,"term":{"refid":"MDC_UPEXT_ARM_UPPER_R","code10":1782,"cfCode10":460534,"partition":7,"systematicName":"UpperExtremity | UpperArm, Right | | Body","termDescription":"","status":"approved"},"description":"Right Upper Arm"},{"_id":861,"term":{"refid":"MDC_LOEXT_LEG_R","code10":1606,"cfCode10":460358,"partition":7,"systematicName":"LowerExtremity | Leg, Right | | Body","termDescription":"","status":"approved"},"description":"Right Leg"},{"_id":860,"term":{"refid":"MDC_LOEXT_LEG_L","code10":1605,"cfCode10":460357,"partition":7,"systematicName":"LowerExtremity | Leg, Left | | Body","termDescription":"","status":"approved"},"description":"Left Leg"},{"_id":858,"term":{"refid":"MDC_UPEXT_ARM_UPPER_L","code10":1781,"cfCode10":460533,"partition":7,"systematicName":"UpperExtremity | UpperArm, Left | | Body","termDescription":"","status":"approved"},"description":"Left Upper Arm"}]}
{"_id":82,"groupName":"_BODY_SITE_SPO2","groupDescription":"Body Site - SpO2","enums":[{"_id":867,"term":{"refid":"MDC_HEAD_EAR","code10":1520,"cfCode10":460272,"partition":7,"systematicName":"Head | Ear, NOS | | Body","termDescription":"","status":"approved"},"description":"Tympanic"},{"_id":868,"term":{"refid":"MDC_UPEXT_FINGER","code10":1748,"cfCode10":460500,"partition":7,"systematicName":"UpperExtremity | Finger, NOS | | Body","termDescription":"","status":"approved"},"description":"Finger"}]}
{"_id":81,"groupName":"_BODY_SITE_TEMP","groupDescription":"Body Site - Temperature","enums":[{"_id":865,"term":{"refid":"MDC_UPEXT_AXILLA","code10":1740,"cfCode10":460492,"partition":7,"systematicName":"UpperExtremity | Axilla, NOS | | Body","termDescription":"","status":"approved"},"description":"Axillary"},{"_id":866,"term":{"refid":"MDC_TRUNK_BUTTOCK","code10":1668,"cfCode10":460420,"partition":7,"systematicName":"Trunk | Buttock, NOS | | Body","termDescription":"","status":"approved"},"description":"Rectal"},{"_id":864,"term":{"refid":"MDC_HEAD_MOUTH","code10":1540,"cfCode10":460292,"partition":7,"systematicName":"Head | Mouth | | Body","termDescription":"","status":"approved"},"description":"Oral"}]}
{"_id":78,"groupName":"_MDC_PUMP_STAT","groupDescription":"Operational Status","enums":[{"_id":850,"token":"pump-status-infusing","tags":["IP_NA_CAT_15"]},{"_id":1059,"token":"pump-status-not-infusing","description":"The infusion pump mechanism is stopped.","tags":["IP_NA_CAT_15"]}]}
{"_id":80,"groupName":"_BODY_SITE_HR","groupDescription":"Body Site - HR","enums":[{"_id":862,"term":{"refid":"MDC_BS_QUAL_LEFT","code10":8194,"cfCode10":466946,"partition":7,"systematicName":"Qualifier | Site, Left | | Body","commonTerm":"Left","termDescription":"","status":"approved"},"description":"Left - General"},{"_id":863,"term":{"refid":"MDC_BS_QUAL_RIGHT","code10":8196,"cfCode10":466948,"partition":7,"systematicName":"Qualifier | Site, Right | | Body","commonTerm":"Right","termDescription":"","status":"approved"},"description":"Right - General"}]}
{"_id":74,"groupName":"_MDC_ATTR_AL_COND","groupDescription":"Alarm Condition","enums":[{"_id":810,"term":{"refid":"MDC_EVT_FLOW_STOP_OPEN","code10":736,"cfCode10":197344,"partition":3,"status":"approved"},"tags":["IP_NA_CAT_15"]},{"_id":813,"term":{"refid":"MDC_EVT_SYRINGE_PLUNGER_POSITION","code10":606,"cfCode10":197214,"partition":3,"status":"approved"},"description":"Plunger out of position.","tags":["IP_NA_CAT_15"]},{"_id":816,"term":{"refid":"MDC_EVT_SYRINGE_PRESSURE_DISC_POSITION","code10":612,"cfCode10":197220,"partition":3,"status":"approved"},"description":"Pressure disc out of position.","tags":["IP_NA_CAT_15"]},{"_id":809,"term":{"refid":"MDC_EVT_PWR_LOSS","code10":734,"cfCode10":197342,"partition":3,"status":"approved"},"description":"Power Loss","tags":["IP_NA_CAT_15"]},{"_id":815,"term":{"refid":"MDC_EVT_SYRINGE_BARREL_CAPTURE","code10":610,"cfCode10":197218,"partition":3,"status":"approved"},"tags":["IP_NA_CAT_15"]},{"_id":820,"term":{"refid":"MDC_EVT_PCA_DOOR_UNLOCKED","code10":650,"cfCode10":197258,"partition":3,"status":"approved"},"description":"Door is unlocked.","tags":["IP_NA_CAT_15"]},{"_id":819,"term":{"refid":"MDC_EVT_SYRINGE_EMPTY","code10":618,"cfCode10":197226,"partition":3,"status":"approved"},"description":"Syringe is empty.","tags":["IP_NA_CAT_15"]},{"_id":797,"term":{"refid":"MDC_EVT_ADVIS_SETTINGS_CHK","code10":6668,"cfCode10":203276,"partition":3,"status":"approved"},"description":"Programming Error","tags":["IP_NA_CAT_15"]},{"_id":823,"term":{"refid":"MDC_EVT_PCA_PAUSED","code10":656,"cfCode10":197264,"partition":3,"status":"approved"},"tags":["IP_NA_CAT_15"]},{"_id":796,"term":{"refid":"MDC_EVT_DOOR_POSN_ERR","code10":476,"cfCode10":197084,"partition":3,"systematicName":"ErrorEvent | Enclosure, Open | Handling | Device","commonTerm":"Door open","termDescription":"","status":"approved"},"description":"Door Open","tags":["IP_NA_CAT_15"]},{"_id":822,"term":{"refid":"MDC_EVT_PCA_MAX_LIMIT","code10":654,"cfCode10":197262,"partition":3,"status":"approved"},"tags":["IP_NA_CAT_15"]},{"_id":798,"term":{"refid":"MDC_EVT_MALF","code10":70,"cfCode10":196678,"partition":3,"systematicName":"ErrorEvent | Malfunction | FunctionalDisturbance | Device","commonTerm":"Malfunction","termDescription":"","status":"approved"},"description":"Device Malfunction","tags":["IP_NA_CAT_15"]},{"_id":806,"term":{"refid":"MDC_EVT_BATT_DEPL","code10":728,"cfCode10":197336,"partition":3,"status":"approved"},"description":"Depleted Battery","tags":["IP_NA_CAT_15"]},{"_id":811,"term":{"refid":"MDC_EVT_CHECK_IV_SET","code10":738,"cfCode10":197346,"partition":3,"status":"approved"},"tags":["IP_NA_CAT_15"]},{"_id":1058,"term":{"refid":"MDC_EVT_ADVIS_MAINT_NEEDED","code10":6733,"cfCode10":203341,"partition":3,"termDescription":"","status":"approved"},"description":"A device has identified the need for maintenance (e.g., PM period has expired).","tags":["IP_NA_CAT_15"]},{"_id":818,"term":{"refid":"MDC_EVT_SYRINGE_END_OF_TRAVEL","code10":616,"cfCode10":197224,"partition":3,"status":"approved"},"description":"End of plunger travel.","tags":["IP_NA_CAT_15"]},{"_id":795,"term":{"refid":"MDC_EVT_FLUID_LINE_AIR","code10":592,"cfCode10":197200,"partition":3,"systematicName":"ErrorEvent | Line, Air | FunctionalDisturbance | Pump","commonTerm":"Air in line","termDescription":"","status":"approved"},"description":"Air in Line","tags":["IP_NA_CAT_15"]},{"_id":792,"term":{"refid":"MDC_EVT_STANDBY_WARN","code10":61440,"cfCode10":258048,"partition":3,"status":"approved"},"description":"Pump on Hold","tags":["IP_NA_CAT_15"]},{"_id":821,"term":{"refid":"MDC_EVT_PCA_HANDSET_DETACHED","code10":652,"cfCode10":197260,"partition":3,"status":"approved"},"description":"Handset is detached from unit.","tags":["IP_NA_CAT_15"]},{"_id":805,"term":{"refid":"MDC_EVT_VOL_INFUS_NEAR_COMP","code10":726,"cfCode10":197334,"partition":3,"status":"approved"},"description":"VTBI Near Completion","tags":["IP_NA_CAT_15"]},{"_id":814,"term":{"refid":"MDC_EVT_SYRINGE_FLANGE_POSITION","code10":608,"cfCode10":197216,"partition":3,"status":"approved"},"description":"Flange out of position.","tags":["IP_NA_CAT_15"]},{"_id":794,"term":{"refid":"MDC_EVT_FLUID_LINE_OCCL","code10":332,"cfCode10":196940,"partition":3,"systematicName":"ErrorEvent | Line, Flow, Occlusion | FunctionalDisturbance | Pump","commonTerm":"Occlusion","termDescription":"","status":"approved"},"description":"Occlusion","tags":["IP_NA_CAT_15"]},{"_id":803,"term":{"refid":"MDC_EVT_CALLBACK","code10":722,"cfCode10":197330,"partition":3,"status":"approved"},"description":"Callback","tags":["IP_NA_CAT_15"]},{"_id":807,"term":{"refid":"MDC_EVT_BATT_SERV","code10":730,"cfCode10":197338,"partition":3,"status":"approved"},"description":"Service Battery","tags":["IP_NA_CAT_15"]},{"_id":800,"term":{"refid":"MDC_EVT_BATT_LO","code10":194,"cfCode10":196802,"partition":3,"systematicName":"ErrorEvent | Battery, Low | FunctionalDisturbance | Device","commonTerm":"Battery low or dead","termDescription":"","status":"approved"},"description":"Low Battery","tags":["IP_NA_CAT_15"]},{"_id":799,"term":{"refid":"MDC_EVT_POSN_PROB","code10":160,"cfCode10":196768,"partition":3,"systematicName":"ErrorEvent | Position, Module | Handling | Device","commonTerm":"Component positioning problem","termDescription":"","status":"approved"},"description":"Set Loading Error","tags":["IP_NA_CAT_15"]},{"_id":804,"term":{"refid":"MDC_EVT_VOL_INFUS_COMP","code10":724,"cfCode10":197332,"partition":3,"status":"approved"},"description":"VTBI Complete","tags":["IP_NA_CAT_15"]},{"_id":801,"term":{"refid":"MDC_EVT_FLOW_LO","code10":342,"cfCode10":196950,"partition":3,"status":"approved"},"description":"Low Flow","tags":["IP_NA_CAT_15"]},{"_id":825,"term":{"refid":"MDC_EVT_DELAY_IMPOSSIBLE","code10":742,"cfCode10":197350,"partition":3,"status":"approved"},"description":"Programed start delay will not be reached.","tags":["IP_NA_CAT_15"]},{"_id":808,"term":{"refid":"MDC_EVT_EMER_STOP","code10":732,"cfCode10":197340,"partition":3,"status":"approved"},"description":"Emergency Stop","tags":["IP_NA_CAT_15"]},{"_id":793,"term":{"refid":"MDC_EVT_EMPTY","code10":26,"cfCode10":196634,"partition":3,"systematicName":"ErrorEvent | Empty | FunctionalDisturbance | Device","commonTerm":"Empty","termDescription":"","status":"approved"},"description":"Bag Empty","tags":["IP_NA_CAT_15"]},{"_id":824,"term":{"refid":"MDC_EVT_UNKNOWN","code10":740,"cfCode10":197348,"partition":3,"status":"approved"},"description":"Device is Alarming.","tags":["IP_NA_CAT_15"]},{"_id":802,"term":{"refid":"MDC_EVT_IDLE","code10":720,"cfCode10":197328,"partition":3,"status":"approved"},"description":"Pump Idle","tags":["IP_NA_CAT_15"]},{"_id":826,"term":{"refid":"MDC_EVT_PUMP_CHAMBER_BLOCKED","code10":744,"cfCode10":197352,"partition":3,"status":"approved"},"description":"Blockage in the pump chamber.","tags":["IP_NA_CAT_15"]},{"_id":812,"term":{"refid":"MDC_EVT_SYRINGE_PATIENT_PRESSURE","code10":604,"cfCode10":197212,"partition":3,"status":"approved"},"description":"IV Fluid pressure is too high.","tags":["IP_NA_CAT_15"]}]}
{"_id":85,"groupName":"_MDC_BREATH_PHASE","groupDescription":"See MDCX_BREATH_ANNOTATIONS","enums":[{"_id":967,"term":{"refid":"MDCX_EVT_BREATH_PHASE_INSP ","status":"proposed"},"token":"INSP_PHASE"},{"_id":969,"term":{"refid":"MDCX_EVT_BREATH_PHASE_EXH ","status":"proposed"},"token":"EXP_PHASE"},{"_id":970,"term":{"refid":"MDCX_EVT_BREATH_PHASE_EXH_PAUSE ","status":"proposed"},"token":"EXP_PAUSE_PHASE"},{"_id":968,"term":{"refid":"MDCX_EVT_BREATH_PHASE_INSP_PAUSE ","status":"proposed"},"token":"INSP_PAUSE_PHASE"}]}
{"_id":89,"groupName":"_MDC_ILV_MODE","groupDescription":"See MDCX_VENT_MODE_ILV","enums":[{"_id":982,"term":{"refid":"MDCX_ILV_SLAVE","status":"proposed"},"token":"Slave"},{"_id":981,"term":{"refid":"MDCX_ILV_MASTER","status":"proposed"},"token":"Master"},{"_id":980,"term":{"refid":"MDCX_ILV_OFF","status":"proposed"},"token":"Off","description":"Or should we use Metric-Status?"}]}
{"_id":90,"groupName":"_MDC_NEB_SYNC","groupDescription":"See MDCX_VENT_NEBULIZER_SYNC_MODE","enums":[{"_id":984,"term":{"refid":"MDCX_NEB_SYNC_INSP_ONLY","status":"proposed"},"token":"Insp Only"},{"_id":983,"term":{"refid":"MDCX_NEB_SYNC_CONTINUOUS","status":"proposed"},"token":"Continuous"}]}
{"_id":88,"groupName":"_MDC_SIGNAL_QUALITY","groupDescription":"See MDCX_PULSE_OXIM_PULSE_STRENGTH","enums":[{"_id":979,"term":{"refid":"MDCX_SIG_QUALITY_RED","status":"proposed"},"token":"RED"},{"_id":978,"term":{"refid":"MDCX_SIG_QUALITY_YELLOW","status":"proposed"},"token":"YELLOW"},{"_id":977,"term":{"refid":"MDCX_SIG_QUALITY_GREEN","status":"proposed"},"token":"GREEN","description":"Perhaps even more generic: MDCX_QUALITY_LEVEL_; e.g., for QoS levels"}]}
{"_id":87,"groupName":"_MDC_WAVE_SHAPE","groupDescription":"See MDCX_VENT_FLOW_SHAPE","enums":[{"_id":976,"term":{"refid":"MDCX_WAVE_SHAPE_DECELERATING","status":"proposed"},"token":"DECELERATING"},{"_id":975,"term":{"refid":"MDCX_WAVE_SHAPE_SQUARE","status":"proposed"},"token":"SQUARE"}]}
{"_id":91,"groupName":"_MDC_SPO2_ALGO_MODE","groupDescription":"See MDCX_VENT_SPO2_ALGO_MODE","enums":[{"_id":987,"term":{"refid":"MDCX_SPO2_ALGO_MODE_APOD","status":"proposed"},"token":"APOD","description":"\"Adaptive Probe Off Technology\""},{"_id":986,"term":{"refid":"MDCX_SPO2_ALGO_MODE_NORM","status":"proposed"},"token":"Normal"},{"_id":985,"term":{"refid":"MDCX_SPO2_ALGO_MODE_MAX","status":"proposed"},"token":"Maximum","description":"Too vendor specific OR should we have a general bag for these enumerations?"}]}
{"_id":94,"groupName":"_MDC_COMM_STATUS","groupDescription":"Communication Status","enums":[{"_id":1013,"token":"comm-status-offline","tags":["IP_NA_CAT_15"]},{"_id":1014,"token":"comm-status-online","tags":["IP_NA_CAT_15"]}]}
{"_id":92,"groupName":"_MDC_PANEL_LOCK_DIFFICULTY","groupDescription":"See MDCX_VENT_PANEL_LOCK_DIFFICULTY","enums":[{"_id":988,"term":{"refid":"MDCX_DIFFICULTY_EASY","status":"proposed"},"token":"Easy"},{"_id":989,"term":{"refid":"MDCX_DIFFICULTY_HARD","status":"proposed"},"token":"Hard"}]}
{"_id":86,"groupName":"_MDC_VENT_BREATH_TYPE","groupDescription":"See MDCX_BREATH_ANNOTATIONS","enums":[{"_id":971,"term":{"refid":"MDCX_VENT_BREATH_TYPE_NOS","status":"proposed"},"token":"ALL BREATHS"},{"_id":972,"term":{"refid":"MDCX_VENT_BREATH_TYPE_SPONTANEOUS","status":"proposed"},"token":"SPONTANEOUS_BREATH"},{"_id":973,"term":{"refid":"MDCX_VENT_BREATH_TYPE_MANDATORY","status":"proposed"},"token":"MANDATORY_BREATH"},{"_id":974,"term":{"refid":"MDCX_VENT_BREATH_TYPE_EXCEPTION","status":"proposed"},"token":"SPECIAL_BREATH","description":"e.g., \"sigh\", auto-zero pressure transducer, PRVC \"test breath\""}]}
{"_id":95,"groupName":"_MDC_PCA_DOSE_TYPE","groupDescription":"Type of PCA infusion pump dose.","enums":[{"_id":1024,"token":"pca-dose-type-loading","tags":["IP_NA_CAT_15"]},{"_id":1025,"token":"pca-dose-type-patient","tags":["IP_NA_CAT_15"]},{"_id":1023,"token":"pca-dose-type-clinician","tags":["IP_NA_CAT_15"]}]}
{"_id":93,"groupName":"_GAS_MEAS_SITE","groupDescription":"Gas measurement site","enums":[{"_id":996,"term":{"refid":"MDC_VENT_GAS_MSMT_SITE_ENDOTRCH","status":"proposed"},"description":"Endotracheal"},{"_id":990,"term":{"refid":"MDC_VENT_GAS_MSMT_SITE_UNKNOWN","status":"proposed"},"description":"Fresh Gas"},{"_id":995,"term":{"refid":"MDC_VENT_GAS_MSMT_SITE_YPIECE","status":"proposed"},"description":"Y-Piece"},{"_id":991,"term":{"refid":"MDC_VENT_GAS_MSMT_SITE_FRESHGAS","status":"proposed"},"description":"Fresh Gas"},{"_id":992,"term":{"refid":"MDC_VENT_GAS_MSMT_SITE_EXHAUST","status":"proposed"},"description":"Exhaust"},{"_id":994,"term":{"refid":"MDC_VENT_GAS_MSMT_SITE_EXP","status":"proposed"},"description":"Expiratory Limb"},{"_id":993,"term":{"refid":"MDC_VENT_GAS_MSMT_SITE_INSP","status":"proposed"},"description":"Inspiratory Limb"}]}
{"_id":98,"groupName":"_LOC_SCORE","groupDescription":"Level of Consciousness Scores","enums":[{"_id":1050,"term":{"refid":"MDCX_LOC_NCONF","status":"proposed"},"token":"ENUM_VALUE_TOKEN","description":"New confusion"},{"_id":1052,"term":{"refid":"MDCX_LOC_UNRESP","status":"proposed"},"token":"ENUM_VALUE_TOKEN","description":"Patient unresponsive"},{"_id":1048,"term":{"refid":"MDCX_LOC_ALERT","status":"proposed"},"token":"ENUM_VALUE_TOKEN","description":"Alert"},{"_id":1051,"term":{"refid":"MDCX_LOC_PAIN","status":"proposed"},"token":"ENUM_VALUE_TOKEN","description":"Patient responds to pain stimulus"},{"_id":1049,"term":{"refid":"MDCX_LOC_Voice","status":"proposed"},"token":"ENUM_VALUE_TOKEN","description":"Patient can speak"}]}
{"_id":97,"groupName":"_VENT_MODE","groupDescription":"Ventilator Mode","enums":[{"_id":1045,"term":{"refid":"MDCX_VENT_MODE_SIMVVC_PLUS_PS","status":"proposed"}},{"_id":1040,"term":{"refid":"MDCX_MANUAL_PLUS_BYPASS","status":"proposed"}},{"_id":1037,"term":{"refid":"MDCX_VENT_MODE_MANUAL","status":"proposed"}},{"_id":1043,"term":{"refid":"MDCX_VENT_MODE_PS","status":"proposed"}},{"_id":1038,"term":{"refid":"MDCX_VENT_MODE_ACGO","status":"proposed"}},{"_id":1042,"term":{"refid":"MDCX_VENT_MODE_PCV","status":"proposed"}},{"_id":1047,"term":{"refid":"MDCX_VENT_MODE_AVNF","status":"proposed"}},{"_id":1046,"term":{"refid":"MDCX_VENT_MODE_PCV_PLUS_VG","status":"proposed"}},{"_id":1041,"term":{"refid":"MDCX_VENT_MODE_MANUAL_PLUS_MONITOR","status":"proposed"}},{"_id":1039,"term":{"refid":"MDCX_VENT_MODE_MANUAL_PLUS_ALM_OFF","status":"proposed"}},{"_id":1044,"term":{"refid":"MDCX_VENT_MODE_SIMVVC","status":"proposed"}}]}
{"_id":96,"groupName":"_INFUSION_PUMP_EVENT","groupDescription":"IHE PCD IPEC Events","enums":[{"_id":1033,"term":{"refid":"MDC_EVT_PATIENT_ID_CHANGE","code10":694,"cfCode10":197302,"partition":3,"status":"approved"},"tags":["IP_NA_CAT_15"]},{"_id":1031,"term":{"refid":"MDC_EVT_PUMP_AUTO_PROG_CLEARED","code10":690,"cfCode10":197298,"partition":3,"status":"approved"},"tags":["IP_NA_CAT_15"]},{"_id":1027,"term":{"refid":"MDC_EVT_PUMP_DELIV_STOP","code10":682,"cfCode10":197290,"partition":3,"status":"approved"},"tags":["IP_NA_CAT_15"]},{"_id":1035,"term":{"refid":"MDC_EVT_PUMP_VOL_COUNTERS_CLEARED","code10":698,"cfCode10":197306,"partition":3,"status":"proposed"},"tags":["IP_NA_CAT_15"]},{"_id":1029,"term":{"refid":"MDC_EVT_COMM_STATUS_CHANGE","code10":686,"cfCode10":197294,"partition":3,"status":"approved"},"tags":["IP_NA_CAT_15"]},{"_id":1030,"term":{"refid":"MDC_EVT_PUMP_PROG_CLEARED","code10":688,"cfCode10":197296,"partition":3,"status":"approved"},"tags":["IP_NA_CAT_15"]},{"_id":1036,"term":{"refid":"MDC_EVT_DEVICE_TIME_CHANGED","code10":700,"cfCode10":197308,"partition":3,"status":"proposed"},"tags":["IP_NA_CAT_15"]},{"_id":1028,"term":{"refid":"MDC_EVT_PUMP_DELIV_COMP","code10":684,"cfCode10":197292,"partition":3,"status":"approved"},"tags":["IP_NA_CAT_15"]},{"_id":1034,"term":{"refid":"MDC_EVT_PATIENT_WEIGHT_CHANGE","code10":696,"cfCode10":197304,"partition":3,"status":"approved"},"tags":["IP_NA_CAT_15"]},{"_id":1032,"term":{"refid":"MDC_EVT_PATIENT_CHANGE","code10":692,"cfCode10":197300,"partition":3,"status":"approved"},"tags":["IP_NA_CAT_15"]},{"_id":1026,"term":{"refid":"MDC_EVT_PUMP_DELIV_START","code10":680,"cfCode10":197288,"partition":3,"status":"approved"},"tags":["IP_NA_CAT_15"]}]}
{"_id":100,"groupName":"_MDC_PUMP_NOT_INFUSING_REASON","groupDescription":"Reasons why an infusion pump mechanism is stopped.","enums":[{"_id":1066,"token":"pump-stopped-delayed-start","numValue":4,"description":"Pump has been programmed with either a future start time or a delay period after which the infusion will begin.","tags":["IP_NA_CAT_15"]},{"_id":1067,"token":"pump-stopped-standby","numValue":5,"description":"Pump has been programmed and \"paused\" for an indeterminate period (possibly with configured max period limit).","tags":["IP_NA_CAT_15"]},{"_id":1065,"token":"pump-stopped-ready-not-started","numValue":3,"description":"Pump has been powered on or selected and possibly programmed but not \"started\".","tags":["IP_NA_CAT_15"]},{"_id":1064,"token":"pump-stopped-off","numValue":2,"description":"Pump is turned off.","tags":["IP_NA_CAT_15"]},{"_id":1072,"token":"pump-stopped-transitioning","numValue":10,"description":"The pump is transitioning to a new infusing mode (e.g., piggyback to primary switchover). Used when pump-stopped-delivery-complete is not appropriate.","tags":["IP_NA_CAT_15"]},{"_id":1069,"token":"pump-stopped-alarm","numValue":7,"description":"Pump has been stopped as a result of an alarm condition.","tags":["IP_NA_CAT_15"]},{"_id":1071,"token":"pump-stopped-between-doses","numValue":9,"description":"Pump has been programmed and started but is in patient-dose mode or multi-dosing mode and not currently delivering fluid.","tags":["IP_NA_CAT_15"]},{"_id":1068,"token":"pump-stopped-clinician-paused","numValue":6,"description":"Pump has been stopped by the clinician for a short time after which an alert may signal.","tags":["IP_NA_CAT_15"]},{"_id":1063,"token":"pump-stopped-nos","numValue":1,"description":"Not Otherwise Specified.","tags":["IP_NA_CAT_15"]},{"_id":1070,"token":"pump-stopped-delivery-complete","numValue":8,"description":"Status when an infusion is complete and not followed by a KVO.","tags":["IP_NA_CAT_15"]}]}
{"_id":84,"groupName":"_BODY_SITE_EEG","groupDescription":"Body Site - EEG","enums":[{"_id":888,"term":{"refid":"MDC_HEAD_FRONT_L_7","code10":1073,"cfCode10":459825,"partition":7,"systematicName":"Head | Frontal, Left, 7 | | CNS","acronym":"F7","termDescription":"F7","status":"approved"},"description":"F7"},{"_id":952,"term":{"refid":"MDC_HEAD_CUSTOM_3","status":"proposed"},"description":"X3"},{"_id":951,"term":{"refid":"MDC_HEAD_CUSTOM_2","status":"proposed"},"description":"X2"},{"_id":957,"term":{"refid":"MDC_HEAD_REGIONAL_OCCIPITAL_R","status":"proposed"},"description":"RO"},{"_id":905,"term":{"refid":"MDC_HEAD_CENT_R_4","code10":1142,"cfCode10":459894,"partition":7,"systematicName":"Head | Central, Right, 4 | | CNS","acronym":"C4","termDescription":"C4","status":"approved"},"description":"C4"},{"_id":870,"term":{"refid":"MDC_HEAD_FRONT_POLAR_MID","code10":1000,"cfCode10":459752,"partition":7,"systematicName":"Head | Frontal, Polar, Midline | | CNS","acronym":"Fpz","termDescription":"Fpz","status":"approved"},"description":"Fpz"},{"_id":933,"term":{"refid":"MDC_HEAD_TEMPOR_R_4","code10":1254,"cfCode10":460006,"partition":7,"systematicName":"Head | Temporal, Right, 4 | | CNS","acronym":"T4","termDescription":"T4","status":"approved"},"description":"T4"},{"_id":965,"term":{"refid":"MDC_HEAD_REGIONAL_FRONTAL_POLAR_R","status":"proposed"},"description":"RFp"},{"_id":943,"term":{"refid":"MDC_HEAD_EAR_R","code10":1290,"cfCode10":460042,"partition":7,"systematicName":"Head | Ear, Right | | CNS","acronym":"A2","termDescription":"A2","status":"approved"},"description":"A2"},{"_id":932,"term":{"refid":"MDC_HEAD_TEMPOR_L_3","code10":1249,"cfCode10":460001,"partition":7,"systematicName":"Head | Temporal, Left, 3 | | CNS","acronym":"T3","termDescription":"T3","status":"approved"},"description":"T3"},{"_id":910,"term":{"refid":"MDC_HEAD_PARIET_CENT_L_3","code10":1161,"cfCode10":459913,"partition":7,"systematicName":"Head | Central, Parietal, Left, 3 | | CNS","acronym":"CP3","termDescription":"CP3","status":"approved"},"description":"CP3"},{"_id":876,"term":{"refid":"MDC_HEAD_PARIET_MID","code10":1024,"cfCode10":459776,"partition":7,"systematicName":"Head | Parietal, Midline | | CNS","acronym":"Pz","termDescription":"Pz","status":"approved"},"description":"Pz"},{"_id":874,"term":{"refid":"MDC_HEAD_CENT_MID","code10":1016,"cfCode10":459768,"partition":7,"systematicName":"Head | Central, Midline | | CNS","acronym":"Cz","termDescription":"Cz","status":"approved"},"description":"Cz"},{"_id":955,"term":{"refid":"MDC_HEAD_CUSTOM_6","status":"proposed"},"description":"X6"},{"_id":960,"term":{"refid":"MDC_HEAD_REGIONAL_TEMPORAL_L","status":"proposed"},"description":"LT"},{"_id":889,"term":{"refid":"MDC_HEAD_FRONT_R_8","code10":1078,"cfCode10":459830,"partition":7,"systematicName":"Head | Frontal, Right, 8 | | CNS","acronym":"F8","termDescription":"F8","status":"approved"},"description":"F8"},{"_id":934,"term":{"refid":"MDC_HEAD_TEMPOR_L_5","code10":1257,"cfCode10":460009,"partition":7,"systematicName":"Head | Temporal, Left, 5 | | CNS","acronym":"T5","termDescription":"T5","status":"approved"},"description":"T5"},{"_id":963,"term":{"refid":"MDC_HEAD_REGIONAL_FRONTAL_R","status":"proposed"},"description":"RF"},{"_id":885,"term":{"refid":"MDC_HEAD_FRONT_R_4","code10":1062,"cfCode10":459814,"partition":7,"systematicName":"Head | Frontal, Right, 4 | | CNS","acronym":"F4","termDescription":"F4","status":"approved"},"description":"F4"},{"_id":884,"term":{"refid":"MDC_HEAD_FRONT_L_3","code10":1057,"cfCode10":459809,"partition":7,"systematicName":"Head | Frontal, Left, 3 | | CNS","acronym":"F3","termDescription":"F3","status":"approved"},"description":"F3"},{"_id":916,"term":{"refid":"MDC_HEAD_PARIET_L_3","code10":1185,"cfCode10":459937,"partition":7,"systematicName":"Head | Parietal, Left, 3 | | CNS","acronym":"P3","termDescription":"P3","status":"approved"},"description":"P3"},{"_id":956,"term":{"refid":"MDC_HEAD_REGIONAL_OCCIPITAL_L","status":"proposed"},"description":"LO"},{"_id":964,"term":{"refid":"MDC_HEAD_REGIONAL_FRONTAL_POLAR_L","status":"proposed"},"description":"LFp"},{"_id":942,"term":{"refid":"MDC_HEAD_EAR_L","code10":1289,"cfCode10":460041,"partition":7,"systematicName":"Head | Ear, Left | | CNS","acronym":"A1","termDescription":"A1","status":"approved"},"description":"A1"},{"_id":904,"term":{"refid":"MDC_HEAD_CENT_L_3","code10":1137,"cfCode10":459889,"partition":7,"systematicName":"Head | Central, Left, 3 | | CNS","acronym":"C3","termDescription":"C3","status":"approved"},"description":"C3"},{"_id":880,"term":{"refid":"MDC_HEAD_FRONT_POLAR_L","code10":1041,"cfCode10":459793,"partition":7,"systematicName":"Head | Frontal, Polar, Left | | CNS","acronym":"Fp1","termDescription":"Fp1","status":"approved"},"description":"Fp1"},{"_id":872,"term":{"refid":"MDC_HEAD_FRONT_MID","code10":1008,"cfCode10":459760,"partition":7,"systematicName":"Head | Frontal, Midline | | CNS","acronym":"Fz","termDescription":"Fz","status":"approved"},"description":"Fz"},{"_id":875,"term":{"refid":"MDC_HEAD_PARIET_MEDIA","code10":1020,"cfCode10":459772,"partition":7,"systematicName":"Head | Central, Parietal, Media | | CNS","acronym":"CPz","termDescription":"CPz","status":"approved"},"description":"CPz"},{"_id":878,"term":{"refid":"MDC_HEAD_OCCIP_MID","code10":1032,"cfCode10":459784,"partition":7,"systematicName":"Head | Occipital, Midline | | CNS","acronym":"Oz","termDescription":"Oz","status":"approved"},"description":"Oz"},{"_id":950,"term":{"refid":"MDC_HEAD_CUSTOM_1","status":"proposed"},"description":"X1"},{"_id":966,"term":{"refid":"MDC_NERV_SPIN_CERVIC_5","status":"proposed"},"description":"C5S"},{"_id":962,"term":{"refid":"MDC_HEAD_REGIONAL_FRONTAL_L","status":"proposed"},"description":"LF"},{"_id":911,"term":{"refid":"MDC_HEAD_PARIET_CENT_R_4","code10":1166,"cfCode10":459918,"partition":7,"systematicName":"Head | Central, Parietal, Right, 4 | | CNS","acronym":"CP4","termDescription":"CP4","status":"approved"},"description":"CP4"},{"_id":881,"term":{"refid":"MDC_HEAD_FRONT_POLAR_R","code10":1042,"cfCode10":459794,"partition":7,"systematicName":"Head | Frontal, Polar, Right | | CNS","acronym":"Fp2","termDescription":"Fp2","status":"approved"},"description":"Fp2"},{"_id":954,"term":{"refid":"MDC_HEAD_CUSTOM_5","status":"proposed"},"description":"X5"},{"_id":958,"term":{"refid":"MDC_HEAD_REGIONAL_PARIETAL_L","status":"proposed"},"description":"LP"},{"_id":917,"term":{"refid":"MDC_HEAD_PARIET_R_4","code10":1190,"cfCode10":459942,"partition":7,"systematicName":"Head | Parietal, Right, 4 | | CNS","acronym":"P4","termDescription":"P4","status":"approved"},"description":"P4"},{"_id":923,"term":{"refid":"MDC_HEAD_OCCIP_R","code10":1214,"cfCode10":459966,"partition":7,"systematicName":"Head | Occipital, Right | | CNS","acronym":"O2","termDescription":"O2","status":"approved"},"description":"O2"},{"_id":961,"term":{"refid":"MDC_HEAD_REGIONAL_TEMPORAL_R","status":"proposed"},"description":"RT"},{"_id":922,"term":{"refid":"MDC_HEAD_OCCIP_L","code10":1209,"cfCode10":459961,"partition":7,"systematicName":"Head | Occipital, Left | | CNS","acronym":"O1","termDescription":"O1","status":"approved"},"description":"O1"},{"_id":959,"term":{"refid":"MDC_HEAD_REGIONAL_PARIETAL_R","status":"proposed"},"description":"RP"},{"_id":935,"term":{"refid":"MDC_HEAD_TEMPOR_R_6","code10":1262,"cfCode10":460014,"partition":7,"systematicName":"Head | Temporal, Right, 6 | | CNS","acronym":"T6","termDescription":"T6","status":"approved"},"description":"T6"},{"_id":953,"term":{"refid":"MDC_HEAD_CUSTOM_4","status":"proposed"},"description":"X4"}]}
{"_id":99,"groupName":"_MDC_ATTR_AL_COND_PUMP_GENERAL","groupDescription":"General set of alert conditions applicable to all infusion pumps.","enums":[{"_id":810,"term":{"refid":"MDC_EVT_FLOW_STOP_OPEN","code10":736,"cfCode10":197344,"partition":3,"status":"approved"},"tags":["IP_NA_CAT_15"]},{"_id":794,"term":{"refid":"MDC_EVT_FLUID_LINE_OCCL","code10":332,"cfCode10":196940,"partition":3,"systematicName":"ErrorEvent | Line, Flow, Occlusion | FunctionalDisturbance | Pump","commonTerm":"Occlusion","termDescription":"","status":"approved"},"description":"Occlusion","tags":["IP_NA_CAT_15"]},{"_id":803,"term":{"refid":"MDC_EVT_CALLBACK","code10":722,"cfCode10":197330,"partition":3,"status":"approved"},"description":"Callback","tags":["IP_NA_CAT_15"]},{"_id":807,"term":{"refid":"MDC_EVT_BATT_SERV","code10":730,"cfCode10":197338,"partition":3,"status":"approved"},"description":"Service Battery","tags":["IP_NA_CAT_15"]},{"_id":809,"term":{"refid":"MDC_EVT_PWR_LOSS","code10":734,"cfCode10":197342,"partition":3,"status":"approved"},"description":"Power Loss","tags":["IP_NA_CAT_15"]},{"_id":797,"term":{"refid":"MDC_EVT_ADVIS_SETTINGS_CHK","code10":6668,"cfCode10":203276,"partition":3,"status":"approved"},"description":"Programming Error","tags":["IP_NA_CAT_15"]},{"_id":796,"term":{"refid":"MDC_EVT_DOOR_POSN_ERR","code10":476,"cfCode10":197084,"partition":3,"systematicName":"ErrorEvent | Enclosure, Open | Handling | Device","commonTerm":"Door open","termDescription":"","status":"approved"},"description":"Door Open","tags":["IP_NA_CAT_15"]},{"_id":799,"term":{"refid":"MDC_EVT_POSN_PROB","code10":160,"cfCode10":196768,"partition":3,"systematicName":"ErrorEvent | Position, Module | Handling | Device","commonTerm":"Component positioning problem","termDescription":"","status":"approved"},"description":"Set Loading Error","tags":["IP_NA_CAT_15"]},{"_id":800,"term":{"refid":"MDC_EVT_BATT_LO","code10":194,"cfCode10":196802,"partition":3,"systematicName":"ErrorEvent | Battery, Low | FunctionalDisturbance | Device","commonTerm":"Battery low or dead","termDescription":"","status":"approved"},"description":"Low Battery","tags":["IP_NA_CAT_15"]},{"_id":804,"term":{"refid":"MDC_EVT_VOL_INFUS_COMP","code10":724,"cfCode10":197332,"partition":3,"status":"approved"},"description":"VTBI Complete","tags":["IP_NA_CAT_15"]},{"_id":798,"term":{"refid":"MDC_EVT_MALF","code10":70,"cfCode10":196678,"partition":3,"systematicName":"ErrorEvent | Malfunction | FunctionalDisturbance | Device","commonTerm":"Malfunction","termDescription":"","status":"approved"},"description":"Device Malfunction","tags":["IP_NA_CAT_15"]},{"_id":801,"term":{"refid":"MDC_EVT_FLOW_LO","code10":342,"cfCode10":196950,"partition":3,"status":"approved"},"description":"Low Flow","tags":["IP_NA_CAT_15"]},{"_id":825,"term":{"refid":"MDC_EVT_DELAY_IMPOSSIBLE","code10":742,"cfCode10":197350,"partition":3,"status":"approved"},"description":"Programed start delay will not be reached.","tags":["IP_NA_CAT_15"]},{"_id":808,"term":{"refid":"MDC_EVT_EMER_STOP","code10":732,"cfCode10":197340,"partition":3,"status":"approved"},"description":"Emergency Stop","tags":["IP_NA_CAT_15"]},{"_id":793,"term":{"refid":"MDC_EVT_EMPTY","code10":26,"cfCode10":196634,"partition":3,"systematicName":"ErrorEvent | Empty | FunctionalDisturbance | Device","commonTerm":"Empty","termDescription":"","status":"approved"},"description":"Bag Empty","tags":["IP_NA_CAT_15"]},{"_id":811,"term":{"refid":"MDC_EVT_CHECK_IV_SET","code10":738,"cfCode10":197346,"partition":3,"status":"approved"},"tags":["IP_NA_CAT_15"]},{"_id":806,"term":{"refid":"MDC_EVT_BATT_DEPL","code10":728,"cfCode10":197336,"partition":3,"status":"approved"},"description":"Depleted Battery","tags":["IP_NA_CAT_15"]},{"_id":1058,"term":{"refid":"MDC_EVT_ADVIS_MAINT_NEEDED","code10":6733,"cfCode10":203341,"partition":3,"termDescription":"","status":"approved"},"description":"A device has identified the need for maintenance (e.g., PM period has expired).","tags":["IP_NA_CAT_15"]},{"_id":824,"term":{"refid":"MDC_EVT_UNKNOWN","code10":740,"cfCode10":197348,"partition":3,"status":"approved"},"description":"Device is Alarming.","tags":["IP_NA_CAT_15"]},{"_id":795,"term":{"refid":"MDC_EVT_FLUID_LINE_AIR","code10":592,"cfCode10":197200,"partition":3,"systematicName":"ErrorEvent | Line, Air | FunctionalDisturbance | Pump","commonTerm":"Air in line","termDescription":"","status":"approved"},"description":"Air in Line","tags":["IP_NA_CAT_15"]},{"_id":792,"term":{"refid":"MDC_EVT_STANDBY_WARN","code10":61440,"cfCode10":258048,"partition":3,"status":"approved"},"description":"Pump on Hold","tags":["IP_NA_CAT_15"]},{"_id":802,"term":{"refid":"MDC_EVT_IDLE","code10":720,"cfCode10":197328,"partition":3,"status":"approved"},"description":"Pump Idle","tags":["IP_NA_CAT_15"]},{"_id":826,"term":{"refid":"MDC_EVT_PUMP_CHAMBER_BLOCKED","code10":744,"cfCode10":197352,"partition":3,"status":"approved"},"description":"Blockage in the pump chamber.","tags":["IP_NA_CAT_15"]},{"_id":805,"term":{"refid":"MDC_EVT_VOL_INFUS_NEAR_COMP","code10":726,"cfCode10":197334,"partition":3,"status":"approved"},"description":"VTBI Near Completion","tags":["IP_NA_CAT_15"]}]}
{"_id":83,"groupName":"_BODY_SITE_EEG_EX","groupDescription":"Body Site - EEG","enums":[{"_id":900,"term":{"refid":"MDC_HEAD_FRONT_TEMPOR_L_9","code10":1121,"cfCode10":459873,"partition":7,"systematicName":"Head | Frontal, Temporal, Left, 9 | | CNS","acronym":"FT9","termDescription":"FT9","status":"approved"},"description":"FT9"},{"_id":893,"term":{"refid":"MDC_HEAD_FRONT_CENT_R_2","code10":1094,"cfCode10":459846,"partition":7,"systematicName":"Head | Frontal, Central, Right, 2 | | CNS","acronym":"FC2","termDescription":"FC2","status":"approved"},"description":"FC2"},{"_id":940,"term":{"refid":"MDC_HEAD_TEMPOR_PARIET_L_9","code10":1281,"cfCode10":460033,"partition":7,"systematicName":"Head | Temporal, Parietal, Left, 9 | | CNS","acronym":"TP9","termDescription":"TP9","status":"approved"},"description":"TP9"},{"_id":890,"term":{"refid":"MDC_HEAD_FRONT_L_9","code10":1081,"cfCode10":459833,"partition":7,"systematicName":"Head | Frontal, Left, 9 | | CNS","acronym":"F9","termDescription":"F9","status":"approved"},"description":"F9"},{"_id":925,"term":{"refid":"MDC_HEAD_FRONT_ANT_R_4","code10":1222,"cfCode10":459974,"partition":7,"systematicName":"Head | Anterior, Frontal, Right, 4 | | CNS","acronym":"AF4","termDescription":"AF4","status":"approved"},"description":"AF4"},{"_id":894,"term":{"refid":"MDC_HEAD_FRONT_CENT_L_3","code10":1097,"cfCode10":459849,"partition":7,"systematicName":"Head | Frontal, Central, Left, 3 | | CNS","acronym":"FC3","termDescription":"FC3","status":"approved"},"description":"FC3"},{"_id":877,"term":{"refid":"MDC_HEAD_PARIET_OCCIP_MID","code10":1028,"cfCode10":459780,"partition":7,"systematicName":"Head | Parietal, Occipital, Midline | | CNS","acronym":"POz","termDescription":"POz","status":"approved"},"description":"POz"},{"_id":901,"term":{"refid":"MDC_HEAD_FRONT_TEMPOR_R_10","code10":1126,"cfCode10":459878,"partition":7,"systematicName":"Head | Frontal, Temporal, Right, 10 | | CNS","acronym":"FT10","termDescription":"FT10","status":"approved"},"description":"FT10"},{"_id":903,"term":{"refid":"MDC_HEAD_CENT_R_2","code10":1134,"cfCode10":459886,"partition":7,"systematicName":"Head | Central, Right, 2 | | CNS","acronym":"C2","termDescription":"C2","status":"approved"},"description":"C2"},{"_id":908,"term":{"refid":"MDC_HEAD_PARIET_CENT_L_1","code10":1153,"cfCode10":459905,"partition":7,"systematicName":"Head | Central, Parietal, Left, 1 | | CNS","acronym":"CP1","termDescription":"CP1","status":"approved"},"description":"CP1"},{"_id":926,"term":{"refid":"MDC_HEAD_FRONT_ANT_L_7","code10":1225,"cfCode10":459977,"partition":7,"systematicName":"Head | Anterior, Frontal, Left, 7 | | CNS","acronym":"AF7","termDescription":"AF7","status":"approved"},"description":"AF7"},{"_id":898,"term":{"refid":"MDC_HEAD_FRONT_TEMPOR_L_7","code10":1113,"cfCode10":459865,"partition":7,"systematicName":"Head | Frontal, Temporal, Left, 7 | | CNS","acronym":"FT7","termDescription":"FT7","status":"approved"},"description":"FT7"},{"_id":939,"term":{"refid":"MDC_HEAD_TEMPOR_PARIET_R_8","code10":1278,"cfCode10":460030,"partition":7,"systematicName":"Head | Temporal, Parietal, Right, 8 | | CNS","acronym":"TP8","termDescription":"TP8","status":"approved"},"description":"TP8"},{"_id":897,"term":{"refid":"MDC_HEAD_FRONT_CENT_R_6","code10":1110,"cfCode10":459862,"partition":7,"systematicName":"Head | Frontal, Central, Right, 6 | | CNS","acronym":"FC6","termDescription":"FC6","status":"approved"},"description":"FC6"},{"_id":929,"term":{"refid":"MDC_HEAD_PARIET_OCCIP_R_4","code10":1238,"cfCode10":459990,"partition":7,"systematicName":"Head | Parietal, Occipital, Right, 4 | | CNS","acronym":"PO4","termDescription":"PO4","status":"approved"},"description":"PO4"},{"_id":919,"term":{"refid":"MDC_HEAD_PARIET_R_6","code10":1198,"cfCode10":459950,"partition":7,"systematicName":"Head | Parietal, Right, 6 | | CNS","acronym":"P6","termDescription":"P6","status":"approved"},"description":"P6"},{"_id":879,"term":{"refid":"MDC_HEAD_INION_MID","code10":1036,"cfCode10":459788,"partition":7,"systematicName":"Head | Inion, Midline | | CNS","acronym":"Iz","termDescription":"Iz","status":"approved"},"description":"Iz"},{"_id":914,"term":{"refid":"MDC_HEAD_PARIET_L_1","code10":1177,"cfCode10":459929,"partition":7,"systematicName":"Head | Parietal, Left, 1 | | CNS","acronym":"P1","termDescription":"P1","status":"approved"},"description":"P1"},{"_id":895,"term":{"refid":"MDC_HEAD_FRONT_CENT_R_4","code10":1102,"cfCode10":459854,"partition":7,"systematicName":"Head | Frontal, Central, Right, 4 | | CNS","acronym":"FC4","termDescription":"FC4","status":"approved"},"description":"FC4"},{"_id":909,"term":{"refid":"MDC_HEAD_PARIET_CENT_R_2","code10":1158,"cfCode10":459910,"partition":7,"systematicName":"Head | Central, Parietal, Right, 2 | | CNS","acronym":"CP2","termDescription":"CP2","status":"approved"},"description":"CP2"},{"_id":930,"term":{"refid":"MDC_HEAD_PARIET_OCCIP_L_7","code10":1241,"cfCode10":459993,"partition":7,"systematicName":"Head | Parietal, Occipital, Left, 7 | | CNS","acronym":"PO7","termDescription":"PO7","status":"approved"},"description":"PO7"},{"_id":941,"term":{"refid":"MDC_HEAD_TEMPOR_PARIET_R_10","code10":1286,"cfCode10":460038,"partition":7,"systematicName":"Head | Temporal, Parietal, Right, 10 | | CNS","acronym":"TP10","termDescription":"TP10","status":"approved"},"description":"TP10"},{"_id":906,"term":{"refid":"MDC_HEAD_CENT_L_5","code10":1145,"cfCode10":459897,"partition":7,"systematicName":"Head | Central, Left, 5 | | CNS","acronym":"C5","termDescription":"C5","status":"approved"},"description":"C5"},{"_id":927,"term":{"refid":"MDC_HEAD_FRONT_ANT_R_8","code10":1230,"cfCode10":459982,"partition":7,"systematicName":"Head | Anterior, Frontal, Right, 8 | | CNS","acronym":"AF8","termDescription":"AF8","status":"approved"},"description":"AF8"},{"_id":938,"term":{"refid":"MDC_HEAD_TEMPOR_PARIET_L_7","code10":1273,"cfCode10":460025,"partition":7,"systematicName":"Head | Temporal, Parietal, Left, 7 | | CNS","acronym":"TP7","termDescription":"TP7","status":"approved"},"description":"TP7"},{"_id":936,"term":{"refid":"MDC_HEAD_TEMPOR_L_9","code10":1265,"cfCode10":460017,"partition":7,"systematicName":"Head | Temporal, Left, 9 | | CNS","acronym":"T9","termDescription":"T9","status":"approved"},"description":"T9"},{"_id":907,"term":{"refid":"MDC_HEAD_CENT_R_6","code10":1150,"cfCode10":459902,"partition":7,"systematicName":"Head | Central, Right, 6 | | CNS","acronym":"C6","termDescription":"C6","status":"approved"},"description":"C6"},{"_id":947,"term":{"refid":"MDC_HEAD_PHARYNGEAL_R","code10":1306,"cfCode10":460058,"partition":7,"systematicName":"Head | Pharyngeal, Right | | CNS","acronym":"Pg2","termDescription":"Pg2","status":"approved"},"description":"Pg2"},{"_id":902,"term":{"refid":"MDC_HEAD_CENT_L_1","code10":1129,"cfCode10":459881,"partition":7,"systematicName":"Head | Central, Left, 1 | | CNS","acronym":"C1","termDescription":"C1","status":"approved"},"description":"C1"},{"_id":883,"term":{"refid":"MDC_HEAD_FRONT_R_2","code10":1054,"cfCode10":459806,"partition":7,"systematicName":"Head | Frontal, Right, 2 | | CNS","acronym":"F2","termDescription":"F2","status":"approved"},"description":"F2"},{"_id":913,"term":{"refid":"MDC_HEAD_PARIET_CENT_R_6","code10":1174,"cfCode10":459926,"partition":7,"systematicName":"Head | Central, Parietal, Right, 6 | | CNS","acronym":"CP6","termDescription":"CP6","status":"approved"},"description":"CP6"},{"_id":946,"term":{"refid":"MDC_HEAD_PHARYNGEAL_L","code10":1305,"cfCode10":460057,"partition":7,"systematicName":"Head | Pharyngeal, Left | | CNS","acronym":"Pg1","termDescription":"Pg1","status":"approved"},"description":"Pg1"},{"_id":896,"term":{"refid":"MDC_HEAD_FRONT_CENT_L_5","code10":1105,"cfCode10":459857,"partition":7,"systematicName":"Head | Frontal, Central, Left, 5 | | CNS","acronym":"FC5","termDescription":"FC5","status":"approved"},"description":"FC5"},{"_id":912,"term":{"refid":"MDC_HEAD_PARIET_CENT_L_5","code10":1169,"cfCode10":459921,"partition":7,"systematicName":"Head | Central, Parietal, Left, 5 | | CNS","acronym":"CP5","termDescription":"CP5","status":"approved"},"description":"CP5"},{"_id":871,"term":{"refid":"MDC_HEAD_FRONT_ANT_MID","code10":1004,"cfCode10":459756,"partition":7,"systematicName":"Head | Anterior, Frontal, Midline | | CNS","acronym":"AFz","termDescription":"AFz","status":"approved"},"description":"AFz"},{"_id":937,"term":{"refid":"MDC_HEAD_TEMPOR_R_10","code10":1270,"cfCode10":460022,"partition":7,"systematicName":"Head | Temporal, Right, 10 | | CNS","acronym":"T10","termDescription":"T10","status":"approved"},"description":"T10"},{"_id":873,"term":{"refid":"MDC_HEAD_FRONT_CENT_MID","code10":1012,"cfCode10":459764,"partition":7,"systematicName":"Head | Frontal, Central, Midline | | CNS","acronym":"FCz","termDescription":"FCz","status":"approved"},"description":"FCz"},{"_id":915,"term":{"refid":"MDC_HEAD_PARIET_R_2","code10":1182,"cfCode10":459934,"partition":7,"systematicName":"Head | Parietal, Right, 2 | | CNS","acronym":"P2","termDescription":"P2","status":"approved"},"description":"P2"},{"_id":882,"term":{"refid":"MDC_HEAD_FRONT_L_1","code10":1049,"cfCode10":459801,"partition":7,"systematicName":"Head | Frontal, Left, 1 | | CNS","acronym":"F1","termDescription":"F1","status":"approved"},"description":"F1"},{"_id":920,"term":{"refid":"MDC_HEAD_PARIET_L_9","code10":1201,"cfCode10":459953,"partition":7,"systematicName":"Head | Parietal, Left, 9 | | CNS","acronym":"P9","termDescription":"P9","status":"approved"},"description":"P9"},{"_id":918,"term":{"refid":"MDC_HEAD_PARIET_L_5","code10":1193,"cfCode10":459945,"partition":7,"systematicName":"Head | Parietal, Left, 5 | | CNS","acronym":"P5","termDescription":"P5","status":"approved"},"description":"P5"},{"_id":924,"term":{"refid":"MDC_HEAD_FRONT_ANT_L_3","code10":1217,"cfCode10":459969,"partition":7,"systematicName":"Head | Anterior, Frontal , Left, 3 | | CNS","acronym":"AF3","termDescription":"AF3","status":"approved"},"description":"AF3"},{"_id":944,"term":{"refid":"MDC_HEAD_TEMPOR_ANT_L","code10":1297,"cfCode10":460049,"partition":7,"systematicName":"Head | Temporal, Anterior, Left | | CNS","acronym":"T1","termDescription":"T1","status":"approved"},"description":"T1"},{"_id":945,"term":{"refid":"MDC_HEAD_TEMPOR_ANT_R","code10":1308,"cfCode10":460060,"partition":7,"systematicName":"Head | Temporal, Anterior, Right | | CNS","acronym":"T2","termDescription":"T2","status":"approved"},"description":"T2"},{"_id":892,"term":{"refid":"MDC_HEAD_FRONT_CENT_L_1","code10":1089,"cfCode10":459841,"partition":7,"systematicName":"Head | Frontal, Central, Left, 1 | | CNS","acronym":"FC1","termDescription":"FC1","status":"approved"},"description":"FC1"},{"_id":949,"term":{"refid":"MDC_HEAD_SPHENOIDAL_R","code10":1314,"cfCode10":460066,"partition":7,"systematicName":"Head | Sphenoidal, Right | | CNS","acronym":"Sp2","termDescription":"Sp2","status":"approved"},"description":"Sp2"},{"_id":869,"term":{"refid":"MDC_HEAD_NASION_MID","code10":996,"cfCode10":459748,"partition":7,"systematicName":"Head | Nasion, Midline | | CNS","acronym":"Nz","termDescription":"Nz","status":"approved"},"description":"Nz"},{"_id":899,"term":{"refid":"MDC_HEAD_FRONT_TEMPOR_R_8","code10":1118,"cfCode10":459870,"partition":7,"systematicName":"Head | Frontal, Temporal, Right, 8 | | CNS","acronym":"FT8","termDescription":"FT8","status":"approved"},"description":"FT8"},{"_id":886,"term":{"refid":"MDC_HEAD_FRONT_L_5","code10":1065,"cfCode10":459817,"partition":7,"systematicName":"Head | Frontal, Left, 5 | | CNS","acronym":"F5","termDescription":"F5","status":"approved"},"description":"F5"},{"_id":921,"term":{"refid":"MDC_HEAD_PARIET_R_10","code10":1206,"cfCode10":459958,"partition":7,"systematicName":"Head | Parietal, Right, 10 | | CNS","acronym":"P10","termDescription":"P10","status":"approved"},"description":"P10"},{"_id":928,"term":{"refid":"MDC_HEAD_PARIET_OCCIP_L_3","code10":1233,"cfCode10":459985,"partition":7,"systematicName":"Head | Parietal, Occipital, Left, 3 | | CNS","acronym":"PO3","termDescription":"PO3","status":"approved"},"description":"PO3"},{"_id":948,"term":{"refid":"MDC_HEAD_SPHENOIDAL_L","code10":1313,"cfCode10":460065,"partition":7,"systematicName":"Head | Sphenoidal, Left | | CNS","acronym":"Sp1","termDescription":"Sp1","status":"approved"},"description":"Sp1"},{"_id":891,"term":{"refid":"MDC_HEAD_FRONT_R_10","code10":1086,"cfCode10":459838,"partition":7,"systematicName":"Head | Frontal, Right, 10 | | CNS","acronym":"F10","termDescription":"F10","status":"approved"},"description":"F10"},{"_id":931,"term":{"refid":"MDC_HEAD_PARIET_OCCIP_R_8","code10":1246,"cfCode10":459998,"partition":7,"systematicName":"Head | Parietal, Occipital, Right, 8 | | CNS","acronym":"PO8","termDescription":"PO8","status":"approved"},"description":"PO8"},{"_id":887,"term":{"refid":"MDC_HEAD_FRONT_R_6","code10":1070,"cfCode10":459822,"partition":7,"systematicName":"Head | Frontal, Right, 6 | | CNS","acronym":"F6","termDescription":"F6","status":"approved"},"description":"F6"}]}
