{"_id":1315,"value":"dB"}
{"_id":1312,"value":"{unitless}"}
{"_id":1316,"value":"dB[V]"}
{"_id":1317,"value":"dB[mV]"}
{"_id":1318,"value":"dB[uV]"}
{"_id":1319,"value":"dB[nV]"}
{"_id":1321,"value":"B[mV]"}
{"_id":1322,"value":"B"}
{"_id":1323,"value":"%"}
{"_id":1320,"value":"dB[10.nV]"}
{"_id":1325,"value":"[ppm]"}
{"_id":1324,"value":"[ppth]"}
{"_id":1326,"value":"10*-9"}
{"_id":1327,"value":"10^-9"}
{"_id":1328,"value":"10*-12"}
{"_id":1329,"value":"10^-12"}
{"_id":1330,"value":"10*-15"}
{"_id":1331,"value":"10^-15"}
{"_id":1332,"value":"deg"}
{"_id":1333,"value":"rad"}
{"_id":1334,"value":"g/g"}
{"_id":1335,"value":"g/kg"}
{"_id":1336,"value":"mg/kg"}
{"_id":1337,"value":"ug/kg"}
{"_id":1338,"value":"ng/kg"}
{"_id":1339,"value":"g/mg"}
{"_id":1340,"value":"mol/mol"}
{"_id":1341,"value":"L/L"}
{"_id":1342,"value":"L/dL"}
{"_id":1343,"value":"mL/dL"}
{"_id":1344,"value":"DO_NOT_USE"}
{"_id":1345,"value":"%{vol}"}
{"_id":1346,"value":"[pH]"}
{"_id":1347,"value":"[drp]"}
{"_id":1348,"value":"{rbc}"}
{"_id":1349,"value":"{beat}"}
{"_id":1350,"value":"{breath}"}
{"_id":1352,"value":"{cough}"}
{"_id":1353,"value":"{sigh}"}
{"_id":1354,"value":"%{pcv}"}
{"_id":1355,"value":"m"}
{"_id":1356,"value":"cm"}
{"_id":1357,"value":"mm"}
{"_id":1358,"value":"um"}
{"_id":1351,"value":"{cell}"}
{"_id":1359,"value":"[yd_i]"}
{"_id":1313,"value":"1"}
{"_id":1311,"value":"{unknown}"}
{"_id":1360,"value":"[ft_i]"}
{"_id":1361,"value":"[in_i]"}
{"_id":1314,"value":"{bool}"}
{"_id":1362,"value":"L/m2"}
{"_id":1363,"value":"mL/m2"}
{"_id":1364,"value":"/m"}
{"_id":1366,"value":"m2"}
{"_id":1365,"value":"m/min"}
{"_id":1367,"value":"[in_i]2"}
{"_id":1368,"value":"cm2"}
{"_id":1369,"value":"/m2"}
{"_id":1370,"value":"m3"}
{"_id":1371,"value":"L"}
{"_id":1372,"value":"mL"}
{"_id":1373,"value":"{liquid}mL"}
{"_id":1375,"value":"L/{breath}"}
{"_id":1374,"value":"uL"}
{"_id":1377,"value":"L/{beat}"}
{"_id":1379,"value":"/m3"}
{"_id":1380,"value":"/L"}
{"_id":1378,"value":"mL/{beat}"}
{"_id":1381,"value":"g"}
{"_id":1376,"value":"mL/{breath}"}
{"_id":1382,"value":"kg"}
{"_id":1383,"value":"mg"}
{"_id":1384,"value":"ug"}
{"_id":1385,"value":"ng"}
{"_id":1386,"value":"[lb_av]"}
{"_id":1387,"value":"[oz_av]"}
{"_id":1388,"value":"/g"}
{"_id":1389,"value":"g.m"}
{"_id":1390,"value":"g.m/m2"}
{"_id":1391,"value":"g.m2"}
{"_id":1392,"value":"g/m2"}
{"_id":1393,"value":"kg/m2"}
{"_id":1394,"value":"mg/m2"}
{"_id":1395,"value":"ug/m2"}
{"_id":1396,"value":"ng/m2"}
{"_id":1397,"value":"kg/m2#"}
{"_id":1398,"value":"g/m3"}
{"_id":1399,"value":"g/cm3"}
{"_id":1401,"value":"g/cL"}
{"_id":1400,"value":"g/L"}
{"_id":1402,"value":"g/dL"}
{"_id":1403,"value":"mg/dL"}
{"_id":1404,"value":"g/mL"}
{"_id":1405,"value":"mg/mL"}
{"_id":1406,"value":"ug/mL"}
{"_id":1407,"value":"ng/mL"}
{"_id":1409,"value":"ms"}
{"_id":1408,"value":"s"}
{"_id":1410,"value":"us"}
{"_id":1411,"value":"ns"}
{"_id":1412,"value":"min"}
{"_id":1413,"value":"h"}
{"_id":1414,"value":"d"}
{"_id":1415,"value":"wk"}
{"_id":1417,"value":"a"}
{"_id":1416,"value":"mo"}
{"_id":1418,"value":"/s"}
{"_id":1419,"value":"/(1000.s)"}
{"_id":1420,"value":"Hz"}
{"_id":1421,"value":"/min"}
{"_id":1422,"value":"1/min"}
{"_id":1423,"value":"{count}/min"}
{"_id":1424,"value":"/h"}
{"_id":1425,"value":"/d"}
{"_id":1426,"value":"/wk"}
{"_id":1427,"value":"/mo"}
{"_id":1428,"value":"/a"}
{"_id":1429,"value":"/s2"}
{"_id":1431,"value":"{beat}/min"}
{"_id":1432,"value":"{beats}/min"}
{"_id":1437,"value":"{pulses}/min"}
{"_id":1430,"value":"/(100.s2)"}
{"_id":1438,"value":"{breath}/min"}
{"_id":1439,"value":"{breaths}/min"}
{"_id":1441,"value":"m/s"}
{"_id":1444,"value":"360.deg/min"}
{"_id":1442,"value":"mm/s"}
{"_id":1443,"value":"rad/s"}
{"_id":1436,"value":"{pulse}/min"}
{"_id":1433,"value":"{beat}/min/L"}
{"_id":1440,"value":"{resp}/min"}
{"_id":1446,"value":"L/min/m2"}
{"_id":1448,"value":"m2/s"}
{"_id":1447,"value":"mL/min/m2"}
{"_id":1450,"value":"m3/min"}
{"_id":1449,"value":"m3/s"}
{"_id":1434,"value":"1/min/L"}
{"_id":1445,"value":"2.[pi].rad/min"}
{"_id":1453,"value":"L/s"}
{"_id":1452,"value":"m3/d"}
{"_id":1455,"value":"mL/min"}
{"_id":1454,"value":"L/min"}
{"_id":1457,"value":"L/h"}
{"_id":1458,"value":"mL/h"}
{"_id":1462,"value":"mL/kg"}
{"_id":1456,"value":"uL/min"}
{"_id":1463,"value":"m3/kg"}
{"_id":1465,"value":"L/min/mm[Hg]"}
{"_id":1466,"value":"g/s"}
{"_id":1464,"value":"m/Pa/s"}
{"_id":1468,"value":"mg/min"}
{"_id":1467,"value":"g/min"}
{"_id":1469,"value":"ug/min"}
{"_id":1470,"value":"ng/min"}
{"_id":1472,"value":"mg/h"}
{"_id":1471,"value":"g/h"}
{"_id":1474,"value":"ng/h"}
{"_id":1473,"value":"ug/h"}
{"_id":1475,"value":"g/d"}
{"_id":1476,"value":"mg/d"}
{"_id":1478,"value":"ng/d"}
{"_id":1477,"value":"ug/d"}
{"_id":1461,"value":"L/kg"}
{"_id":1479,"value":"g/kg/s"}
{"_id":1481,"value":"mg/kg/min"}
{"_id":1480,"value":"g/kg/min"}
{"_id":1482,"value":"ug/kg/min"}
{"_id":1483,"value":"ng/kg/min"}
{"_id":1459,"value":"L/d"}
{"_id":1485,"value":"mg/kg/h"}
{"_id":1460,"value":"[drp]/min"}
{"_id":1484,"value":"g/kg/h"}
{"_id":1435,"value":"/min/L"}
{"_id":1451,"value":"m3/h"}
{"_id":1486,"value":"ug/kg/h"}
{"_id":1487,"value":"ng/kg/h"}
{"_id":1488,"value":"g/kg/d"}
{"_id":1489,"value":"mg/kg/d"}
{"_id":1491,"value":"ng/kg/d"}
{"_id":1492,"value":"g/[lb_av]/min"}
{"_id":1490,"value":"ug/kg/d"}
{"_id":1493,"value":"mg/[lb_av]/min"}
{"_id":1494,"value":"ug/[lb_av]/min"}
{"_id":1495,"value":"ng/[lb_av]/min"}
{"_id":1496,"value":"g/[lb_av]/h"}
{"_id":1497,"value":"mg/[lb_av]/h"}
{"_id":1498,"value":"ug/[lb_av]/h"}
{"_id":1499,"value":"ng/[lb_av]/h"}
{"_id":1500,"value":"g/m2/min"}
{"_id":1501,"value":"mg/m2/min"}
{"_id":1502,"value":"ug/m2/min"}
{"_id":1505,"value":"mg/m2/h"}
{"_id":1506,"value":"ug/m2/h"}
{"_id":1507,"value":"ng/m2/h"}
{"_id":1508,"value":"g/m2/d"}
{"_id":1509,"value":"mg/m2/d"}
{"_id":1510,"value":"ug/m2/d"}
{"_id":1511,"value":"ng/m2/d"}
{"_id":1512,"value":"g/L/s"}
{"_id":1504,"value":"g/m2/h"}
{"_id":1503,"value":"ng/m2/min"}
{"_id":1513,"value":"g/L/min"}
{"_id":1514,"value":"g/L/h"}
{"_id":1515,"value":"g/L/d"}
{"_id":1517,"value":"g.m/s"}
{"_id":1518,"value":"N.s"}
{"_id":1519,"value":"N"}
{"_id":1520,"value":"dyn"}
{"_id":1521,"value":"Pa"}
{"_id":1516,"value":"g/m/s"}
{"_id":1522,"value":"hPa"}
{"_id":1523,"value":"kPa"}
{"_id":1524,"value":"mm[Hg]"}
{"_id":1525,"value":"cm[H2O]"}
{"_id":1526,"value":"bar"}
{"_id":1527,"value":"[psi]"}
{"_id":1528,"value":"J"}
{"_id":1529,"value":"eV"}
{"_id":1530,"value":"W"}
{"_id":1531,"value":"mW"}
{"_id":1532,"value":"uW"}
{"_id":1534,"value":"Pa.s/m3"}
{"_id":1533,"value":"nW"}
{"_id":1535,"value":"Pa.s/L"}
{"_id":1536,"value":"dyn.s/cm5"}
{"_id":1537,"value":"L/cm[H2O]"}
{"_id":1538,"value":"mL/cm[H2O]"}
{"_id":1539,"value":"L/mm[Hg]"}
{"_id":1541,"value":"L/cm[H2O]/kg"}
{"_id":1540,"value":"L/Pa"}
{"_id":1542,"value":"mL/cm[H2O]/kg"}
{"_id":1543,"value":"cm[H2O]/L"}
{"_id":1544,"value":"mm[Hg]/L"}
{"_id":1545,"value":"Pa/L"}
{"_id":1546,"value":"/L/min"}
{"_id":1547,"value":"C"}
{"_id":1548,"value":"A.h"}
{"_id":1549,"value":"A/m"}
{"_id":1550,"value":"T"}
{"_id":1551,"value":"V"}
{"_id":1552,"value":"mV"}
{"_id":1553,"value":"uV"}
{"_id":1554,"value":"nV"}
{"_id":1555,"value":"V.s"}
{"_id":1557,"value":"V/s"}
{"_id":1556,"value":"uV.ms"}
{"_id":1558,"value":"uV/s"}
{"_id":1559,"value":"Ohm"}
{"_id":1560,"value":"mOhm"}
{"_id":1561,"value":"Ohm.m"}
{"_id":1562,"value":"1/Ohm"}
{"_id":1564,"value":"1/kOhm"}
{"_id":1563,"value":"/Ohm"}
{"_id":1565,"value":"/kOhm"}
{"_id":1566,"value":"F"}
{"_id":1567,"value":"K"}
{"_id":1568,"value":"{delta}K"}
{"_id":1569,"value":"Cel"}
{"_id":1570,"value":"{delta}Cel"}
{"_id":1571,"value":"[degF]"}
{"_id":1572,"value":"{delta}[degF]"}
{"_id":1573,"value":"K/W"}
{"_id":1574,"value":"cd"}
{"_id":1575,"value":"lm/m2"}
{"_id":1576,"value":"osm"}
{"_id":1577,"value":"mol"}
{"_id":1578,"value":"mmol"}
{"_id":1579,"value":"eq"}
{"_id":1580,"value":"meq"}
{"_id":1581,"value":"osm/L"}
{"_id":1582,"value":"mol/cm3"}
{"_id":1583,"value":"mol/m3"}
{"_id":1584,"value":"mol/L"}
{"_id":1585,"value":"mmol/L"}
{"_id":1586,"value":"mol/mL"}
{"_id":1587,"value":"mmol/mL"}
{"_id":1589,"value":"eq/L"}
{"_id":1590,"value":"meq/L"}
{"_id":1591,"value":"eq/mL"}
{"_id":1592,"value":"meq/mL"}
{"_id":1594,"value":"mol/kg"}
{"_id":1593,"value":"osm/kg"}
{"_id":1596,"value":"mol/m2"}
{"_id":1588,"value":"eq/m3"}
{"_id":1597,"value":"mmol/m2"}
{"_id":1598,"value":"eq/kg"}
{"_id":1595,"value":"mmol/kg"}
{"_id":1599,"value":"meq/kg"}
{"_id":1600,"value":"eq/m2"}
{"_id":1601,"value":"meq/m2"}
{"_id":1602,"value":"mol/s"}
{"_id":1603,"value":"mol/min"}
{"_id":1604,"value":"mmol/min"}
{"_id":1605,"value":"mol/h"}
{"_id":1606,"value":"mmol/h"}
{"_id":1607,"value":"mol/d"}
{"_id":1608,"value":"mmol/d"}
{"_id":1610,"value":"eq/min"}
{"_id":1612,"value":"eq/h"}
{"_id":1611,"value":"meq/min"}
{"_id":1609,"value":"eq/s"}
{"_id":1613,"value":"meq/h"}
{"_id":1614,"value":"eq/d"}
{"_id":1615,"value":"meq/d"}
{"_id":1616,"value":"mol/kg/s"}
{"_id":1617,"value":"mol/kg/min"}
{"_id":1618,"value":"mmol/kg/min"}
{"_id":1619,"value":"mol/kg/h"}
{"_id":1620,"value":"mmol/kg/h"}
{"_id":1621,"value":"mol/kg/d"}
{"_id":1622,"value":"mmol/kg/d"}
{"_id":1623,"value":"mol/m2/s"}
{"_id":1624,"value":"mol/m2/min"}
{"_id":1625,"value":"mmol/m2/min"}
{"_id":1626,"value":"mol/m2/h"}
{"_id":1627,"value":"mmol/m2/h"}
{"_id":1628,"value":"mol/m2/d"}
{"_id":1629,"value":"mmol/m2/d"}
{"_id":1630,"value":"eq/kg/s"}
{"_id":1631,"value":"eq/kg/min"}
{"_id":1632,"value":"meq/kg/min"}
{"_id":1635,"value":"eq/kg/d"}
{"_id":1633,"value":"eq/kg/h"}
{"_id":1634,"value":"meq/kg/h"}
{"_id":1636,"value":"meq/kg/d"}
{"_id":1639,"value":"eq/[lb_av]/h"}
{"_id":1641,"value":"eq/m2/min"}
{"_id":1637,"value":"eq/[lb_av]/min"}
{"_id":1642,"value":"meq/m2/min"}
{"_id":1643,"value":"eq/m2/h"}
{"_id":1638,"value":"meq/[lb_av]/min"}
{"_id":1644,"value":"meq/m2/h"}
{"_id":1640,"value":"meq/[lb_av]/h"}
{"_id":1645,"value":"eq/m2/d"}
{"_id":1646,"value":"meq/m2/d"}
{"_id":1647,"value":"[iU]"}
{"_id":1648,"value":"m[iU]"}
{"_id":1649,"value":"[iU]/cm3"}
{"_id":1650,"value":"[iU]/m3"}
{"_id":1651,"value":"[iU]/L"}
{"_id":1652,"value":"[iU]/mL"}
{"_id":1653,"value":"m[iU]/mL"}
{"_id":1654,"value":"[iU]/s"}
{"_id":1655,"value":"M[iU]/s"}
{"_id":1657,"value":"m[iU]/min"}
{"_id":1658,"value":"[iU]/h"}
{"_id":1659,"value":"m[iU]/h"}
{"_id":1656,"value":"[iU]/min"}
{"_id":1661,"value":"m[iU]/d"}
{"_id":1662,"value":"[iU]/kg"}
{"_id":1663,"value":"m[iU]/kg"}
{"_id":1660,"value":"[iU]/d"}
{"_id":1664,"value":"u[iU]/kg"}
{"_id":1665,"value":"n[iU]/kg"}
{"_id":1666,"value":"[iU]/m2"}
{"_id":1667,"value":"m[iU]/m2"}
{"_id":1668,"value":"u[iU]/m2"}
{"_id":1669,"value":"n[iU]/m2"}
{"_id":1670,"value":"[iU]/kg/s"}
{"_id":1671,"value":"m[iU]/kg/s"}
{"_id":1672,"value":"[iU]/kg/min"}
{"_id":1673,"value":"m[iU]/kg/min"}
{"_id":1674,"value":"[iU]/kg/h"}
{"_id":1675,"value":"m[iU]/kg/h"}
{"_id":1676,"value":"[iU]/kg/d"}
{"_id":1677,"value":"m[iU]/kg/d"}
{"_id":1678,"value":"[iU]/[lb_av]/min"}
{"_id":1679,"value":"m[iU]/[lb_av]/min"}
{"_id":1680,"value":"[iU]/[lb_av]/h"}
{"_id":1681,"value":"m[iU]/[lb_av]/h"}
{"_id":1682,"value":"[iU]/m2/s"}
{"_id":1683,"value":"m[iU]/m2/s"}
{"_id":1684,"value":"[iU]/m2/min"}
{"_id":1685,"value":"m[iU]/m2/min"}
{"_id":1686,"value":"[iU]/m2/h"}
{"_id":1687,"value":"m[iU]/m2/h"}
{"_id":1689,"value":"m[iU]/m2/d"}
{"_id":1688,"value":"[iU]/m2/d"}
{"_id":1690,"value":"cm[H2O]/L/s"}
{"_id":1692,"value":"cm[H2O]/%"}
{"_id":1691,"value":"L2/s"}
{"_id":1693,"value":"mm[Hg]/%"}
{"_id":1694,"value":"Pa/%"}
{"_id":1695,"value":"dyn.s/cm5/m2"}
{"_id":1696,"value":"dyn.s.cm-5.m-2"}
{"_id":1697,"value":"dyn.s.m2/cm5"}
{"_id":1698,"value":"dyn.s.cm-5.m2"}
{"_id":1699,"value":"cal"}
{"_id":1700,"value":"kcal"}
{"_id":1701,"value":"[Cal]"}
{"_id":1702,"value":"cal/d"}
{"_id":1703,"value":"kcal/d"}
{"_id":1704,"value":"L/kg/h"}
{"_id":1705,"value":"mL/kg/h"}
{"_id":1706,"value":"L/m2/h"}
{"_id":1707,"value":"mL/m2/h"}
{"_id":1708,"value":"J/{breath}"}
{"_id":1709,"value":"J/L"}
{"_id":1710,"value":"[PRU]"}
{"_id":1711,"value":"mm[Hg].s/mL"}
{"_id":1712,"value":"[wood'U]"}
{"_id":1713,"value":"mm[Hg].min/L"}
{"_id":1714,"value":"bit"}
{"_id":1715,"value":"By"}
{"_id":1716,"value":"[drp]/L"}
{"_id":1717,"value":"[drp]/mL"}
{"_id":1718,"value":"{breaths}/min/L"}
{"_id":1719,"value":"{breaths-squared}/min/L"}
{"_id":1720,"value":"L/min/kg"}
{"_id":1721,"value":"mL/min/kg"}
{"_id":1722,"value":"{sat}%.s"}
{"_id":1723,"value":"mm/mV"}
{"_id":1724,"value":"m/V"}
{"_id":1725,"value":"gf.m"}
{"_id":1726,"value":"kgf.m"}
{"_id":1727,"value":"gf.m/L"}
{"_id":1728,"value":"kgf.m/L"}
{"_id":1729,"value":"gf.m/m2"}
{"_id":1730,"value":"kgf.m/m2"}
{"_id":1732,"value":"L/m2/d"}
{"_id":1733,"value":"mL/kg/min"}
{"_id":1731,"value":"L/m2/min"}
{"_id":1734,"value":"mL/kg/d"}
{"_id":1735,"value":"mL/m2/min"}
{"_id":1737,"value":"L/kg/min"}
{"_id":1741,"value":"M[iU]/mL"}
{"_id":1742,"value":"M[iU]/min"}
{"_id":1740,"value":"M[iU]"}
{"_id":1743,"value":"M[iU]/h"}
{"_id":1744,"value":"M[iU]/d"}
{"_id":1745,"value":"M[iU]/kg"}
{"_id":1747,"value":"M[iU]/kg/s"}
{"_id":1748,"value":"M[iU]/kg/min"}
{"_id":1746,"value":"M[iU]/m2"}
{"_id":1749,"value":"M[iU]/kg/h"}
{"_id":1738,"value":"L/kg/d"}
{"_id":1750,"value":"M[iU]/kg/d"}
{"_id":1751,"value":"M[iU]/m2/s"}
{"_id":1752,"value":"M[iU]/m2/min"}
{"_id":1753,"value":"M[iU]/m2/h"}
{"_id":1754,"value":"M[iU]/m2/d"}
{"_id":1739,"value":"mmol m-2 s-1"}
{"_id":1736,"value":"mL/m2/d"}
