{"_id":31,"groupName":"_UOM_DOSE_QUAN_LIQUID","units":[{"_id":1498,"term":{"refid":"MDC_DIM_MILLI_L_PER_KG","code10":3186,"cfCode10":265330,"partition":4,"status":"approved"},"dimension":"L3M-1 (volume content)","dim":"L3M-1","dimC":"L3M-1","symbol":"ml kg-1","ucums":[{"_id":1462,"value":"mL/kg"}],"tags":["IP_NA_CAT_15"]},{"_id":1416,"term":{"refid":"MDC_DIM_MILLI_L","code10":1618,"cfCode10":263762,"partition":4,"status":"approved"},"dimension":"L3 (volume)","dim":"L3","dimC":"L3","symbol":"ml","ucums":[{"_id":1372,"value":"mL"},{"_id":1373,"value":"{liquid}mL"}],"tags":["IP_NA_CAT_15"]}]}
{"_id":30,"groupName":"_UOM_CONC_GAS","units":[{"_id":1369,"term":{"refid":"MDC_DIM_PERCENT","code10":544,"cfCode10":262688,"partition":4,"status":"approved"},"dimension":"- Bel and deciBel (proposal \"dB3\")","dim":"1","dimC":"1","symbol":"%","unitOfMeasure":"10-2 (percent)","ucums":[{"_id":1323,"value":"%"}]},{"_id":1559,"term":{"refid":"MDC_DIM_KILO_PASCAL","code10":3843,"cfCode10":265987,"partition":4,"status":"approved"},"dimension":"L-1MT-2 (pressure)","dim":"LMT-2L-2","dimC":"L-1MT-2","symbol":"kPa","ucums":[{"_id":1523,"value":"kPa"}]},{"_id":1389,"term":{"refid":"MDC_DIM_VOL_PERCENT","code10":6240,"cfCode10":268384,"partition":4,"status":"approved"},"dimension":"- volume fraction","dim":"L3L-3","dimC":"1","symbol":"vol %","unitOfMeasure":"volume percent","ucums":[{"_id":1345,"value":"%{vol}"}]},{"_id":1560,"term":{"refid":"MDC_DIM_MMHG","code10":3872,"cfCode10":266016,"partition":4,"status":"approved"},"dimension":"L-1MT-2 (pressure)","dim":"LMT-2L-2","dimC":"L-1MT-2","symbol":"mmHg","unitOfMeasure":"millimeter(s) of mercury","ucums":[{"_id":1524,"value":"mm[Hg]"}]}]}
{"_id":34,"groupName":"_UOM_DOSE_RATE_LIQUID","units":[{"_id":1493,"term":{"refid":"MDC_DIM_X_L_PER_HR","code10":3104,"cfCode10":265248,"partition":4,"status":"approved"},"dimension":"L3T-1 (volume flow rate)","dim":"L3T-1","dimC":"L3T-1","symbol":"l h-1","unitOfMeasure":"magnitude liter(s) per hour","ucums":[{"_id":1457,"value":"L/h"}],"tags":["IP_NA_CAT_15"]},{"_id":1491,"term":{"refid":"MDC_DIM_MILLI_L_PER_MIN","code10":3090,"cfCode10":265234,"partition":4,"status":"approved"},"dimension":"L3T-1 (volume flow rate)","dim":"L3T-1","dimC":"L3T-1","symbol":"ml min-1","ucums":[{"_id":1455,"value":"mL/min"}],"tags":["IP_NA_CAT_15"]},{"_id":1492,"term":{"refid":"MDC_DIM_MICRO_L_PER_MIN","code10":3091,"cfCode10":265235,"partition":4,"status":"approved"},"dimension":"L3T-1 (volume flow rate)","dim":"L3T-1","dimC":"L3T-1","symbol":"ul min-1","ucums":[{"_id":1456,"value":"uL/min"}],"tags":["IP_NA_CAT_15"]},{"_id":1494,"term":{"refid":"MDC_DIM_MILLI_L_PER_HR","code10":3122,"cfCode10":265266,"partition":4,"status":"approved"},"dimension":"L3T-1 (volume flow rate)","dim":"L3T-1","dimC":"L3T-1","symbol":"ml h-1","ucums":[{"_id":1458,"value":"mL/h"}],"tags":["IP_NA_CAT_15"]}]}
{"_id":32,"groupName":"_UOM_DEPRECATE","units":[{"_id":1440,"term":{"refid":"MDC_DIM_KG_PER_M_SQ#","code10":1952,"cfCode10":264096,"partition":4,"status":"approved"},"dimension":"ML-2","dim":"ML-2","dimC":"ML-2","symbol":"kg m-2","unitOfMeasure":"kilogram(s) per square meter","ucums":[{"_id":1397,"value":"kg/m2#"}]}]}
{"_id":33,"groupName":"_UOM_DOSE_CONC","units":[{"_id":1687,"term":{"refid":"MDC_DIM_MILLI_INTL_UNIT_PER_ML","code10":5618,"cfCode10":267762,"partition":4,"status":"approved"},"dimension":"- IU concentration","dim":"[iU]L-3","dimC":"L-3[iU]","ucums":[{"_id":1653,"value":"m[iU]/mL"}],"tags":["IP_NA_CAT_15"]},{"_id":1688,"term":{"refid":"MDC_DIM_MEGA_INTL_UNIT_PER_ML","code10":5604,"cfCode10":267748,"partition":4,"status":"approved"},"dimension":"- IU concentration","dim":"[iU]L-3","dimC":"L-3[iU]","symbol":" ","unitOfMeasure":" ","ucums":[{"_id":1741,"value":"M[iU]/mL"}],"tags":["IP_NA_CAT_15"]},{"_id":1625,"term":{"refid":"MDC_DIM_MILLI_EQUIV_PER_ML","code10":4882,"cfCode10":267026,"partition":4,"status":"approved"},"dimension":"NL-3 (concentration)","dim":"NL-3","dimC":"L-3N","symbol":"meq ml-1","ucums":[{"_id":1592,"value":"meq/mL"}],"tags":["IP_NA_CAT_15","NL-3 (concentration)"]},{"_id":1450,"term":{"refid":"MDC_DIM_NANO_G_PER_ML","code10":2164,"cfCode10":264308,"partition":4,"status":"approved"},"dimension":"ML-3 (concentration of mass)","dim":"ML-3","dimC":"ML-3","symbol":"ng ml-3","ucums":[{"_id":1407,"value":"ng/mL"}],"tags":["IP_NA_CAT_15","ML-3 (concentration of mass)"]},{"_id":1619,"term":{"refid":"MDC_DIM_MILLI_MOLE_PER_ML","code10":4754,"cfCode10":266898,"partition":4,"status":"approved"},"dimension":"NL-3 (concentration)","dim":"NL-3","dimC":"L-3N","symbol":"mmol ml-1","ucums":[{"_id":1587,"value":"mmol/mL"}],"tags":["IP_NA_CAT_15","NL-3 (concentration)"]},{"_id":1447,"term":{"refid":"MDC_DIM_X_G_PER_ML","code10":2144,"cfCode10":264288,"partition":4,"status":"approved"},"dimension":"ML-3 (concentration of mass)","dim":"ML-3","dimC":"ML-3","symbol":"g ml-3","unitOfMeasure":"magnitude gram(s) per milliliter","ucums":[{"_id":1404,"value":"g/mL"}],"tags":["IP_NA_CAT_15","ML-3 (concentration of mass)"]},{"_id":1449,"term":{"refid":"MDC_DIM_MICRO_G_PER_ML","code10":2163,"cfCode10":264307,"partition":4,"status":"approved"},"dimension":"ML-3 (concentration of mass)","dim":"ML-3","dimC":"ML-3","symbol":"ug ml-3","ucums":[{"_id":1406,"value":"ug/mL"}],"tags":["IP_NA_CAT_15","ML-3 (concentration of mass)"]},{"_id":1686,"term":{"refid":"MDC_DIM_X_INTL_UNIT_PER_ML","code10":5600,"cfCode10":267744,"partition":4,"status":"approved"},"dimension":"- IU concentration","dim":"[iU]L-3","dimC":"L-3[iU]","symbol":"i.u. ml-1","unitOfMeasure":"magnitude international units per milliliter","ucums":[{"_id":1652,"value":"[iU]/mL"}],"tags":["IP_NA_CAT_15"]},{"_id":1448,"term":{"refid":"MDC_DIM_MILLI_G_PER_ML","code10":2162,"cfCode10":264306,"partition":4,"status":"approved"},"dimension":"ML-3 (concentration of mass)","dim":"ML-3","dimC":"ML-3","symbol":"mg ml-3","ucums":[{"_id":1405,"value":"mg/mL"}],"tags":["IP_NA_CAT_15","ML-3 (concentration of mass)"]}]}
{"_id":29,"groupName":"_UOM_DOSE_QUAN","units":[{"_id":1438,"term":{"refid":"MDC_DIM_MICRO_G_PER_M_SQ","code10":7763,"partition":4,"status":"proposed"},"dimension":"ML-2","dim":"ML-2","dimC":"ML-2","symbol":"ug m-2","ucums":[{"_id":1395,"value":"ug/m2"}],"tags":["IP_NA_CAT_15"]},{"_id":1705,"term":{"refid":"MDC_DIM_X_INTL_UNIT_PER_M_SQ","code10":7712,"partition":4,"status":"proposed"},"dimension":"- IU dose quantity per body surface area","dim":"[iU]L-2","dimC":"L-2[iU]","symbol":"i.u. m-2","unitOfMeasure":"magnitude int. units per square meter","ucums":[{"_id":1666,"value":"[iU]/m2"}],"tags":["IP_NA_CAT_15"]},{"_id":1435,"term":{"refid":"MDC_DIM_X_G_PER_M_SQ","code10":7744,"partition":4,"status":"proposed"},"dimension":"ML-2","dim":"ML-2","dimC":"ML-2","symbol":"g m-2","unitOfMeasure":"magnitude gram(s) per square meter","ucums":[{"_id":1392,"value":"g/m2"}],"tags":["IP_NA_CAT_15"]},{"_id":1436,"term":{"refid":"MDC_DIM_KILO_G_PER_M_SQ","code10":7747,"partition":4,"status":"proposed"},"dimension":"ML-2","dim":"ML-2","dimC":"ML-2","symbol":"kg m-2","ucums":[{"_id":1393,"value":"kg/m2"}],"tags":["IP_NA_CAT_15"]},{"_id":1700,"term":{"refid":"MDC_DIM_X_INTL_UNIT_PER_KG","code10":7680,"partition":4,"status":"proposed"},"dimension":"- IU dose quantity per body weight","dim":"[iU]M-1","dimC":"M-1[iU]","symbol":"i.u. kg-1","unitOfMeasure":"magnitude int. units per kilogram","ucums":[{"_id":1662,"value":"[iU]/kg"}],"tags":["IP_NA_CAT_15"]},{"_id":1633,"term":{"refid":"MDC_DIM_X_EQUIV_PER_M_SQ","code10":7616,"partition":4,"status":"proposed"},"dimension":"NM-1 (substance content)","dim":"NL-2","dimC":"L-2N","symbol":"eq m-2","unitOfMeasure":"magnitude equivalents per square meter","ucums":[{"_id":1600,"value":"eq/m2"}],"tags":["IP_NA_CAT_15"]},{"_id":1426,"term":{"refid":"MDC_DIM_MILLI_G","code10":1746,"cfCode10":263890,"partition":4,"status":"approved"},"dimension":"M (mass)","dim":"M","dimC":"M","symbol":"mg","ucums":[{"_id":1383,"value":"mg"}],"tags":["IP_NA_CAT_15"]},{"_id":1680,"term":{"refid":"MDC_DIM_X_INTL_UNIT","code10":5472,"cfCode10":267616,"partition":4,"status":"approved"},"dimension":"International Unit","dim":"[iU]","dimC":"[iU]","symbol":"i.u.","unitOfMeasure":"magnitude international unit","ucums":[{"_id":1647,"value":"[iU]"}],"tags":["IP_NA_CAT_15"]},{"_id":1437,"term":{"refid":"MDC_DIM_MILLI_G_PER_M_SQ","code10":7762,"partition":4,"status":"proposed"},"dimension":"ML-2","dim":"ML-2","dimC":"ML-2","symbol":"mg m-2","ucums":[{"_id":1394,"value":"mg/m2"}],"tags":["IP_NA_CAT_15"]},{"_id":1701,"term":{"refid":"MDC_DIM_MILLI_INTL_UNIT_PER_KG","code10":7698,"partition":4,"status":"proposed"},"dimension":"- IU dose quantity per body weight","dim":"[iU]M-1","dimC":"M-1[iU]","ucums":[{"_id":1663,"value":"m[iU]/kg"}],"tags":["IP_NA_CAT_15"]},{"_id":1610,"term":{"refid":"MDC_DIM_MILLI_MOLE","code10":4562,"cfCode10":266706,"partition":4,"status":"approved"},"dimension":"N (amount of substance)","dim":"N","dimC":"N","symbol":"mmol","ucums":[{"_id":1578,"value":"mmol"}],"tags":["IP_NA_CAT_15"]},{"_id":1706,"term":{"refid":"MDC_DIM_MILLI_INTL_UNIT_PER_M_SQ","code10":7730,"partition":4,"status":"proposed"},"dimension":"- IU dose quantity per body surface area","dim":"[iU]L-2","dimC":"L-2[iU]","ucums":[{"_id":1667,"value":"m[iU]/m2"}],"tags":["IP_NA_CAT_15"]},{"_id":1630,"term":{"refid":"MDC_DIM_MILLI_MOLE_PER_M_SQ","code10":7570,"partition":4,"status":"proposed"},"dimension":"NM-1 (substance content)","dim":"NL-2","dimC":"L-2N","symbol":"mmol m-2","ucums":[{"_id":1597,"value":"mmol/m2"}],"tags":["IP_NA_CAT_15"]},{"_id":1634,"term":{"refid":"MDC_DIM_MILLI_EQUIV_PER_M_SQ","code10":7634,"partition":4,"status":"proposed"},"dimension":"NM-1 (substance content)","dim":"NL-2","dimC":"L-2N","symbol":"meq m-2","ucums":[{"_id":1601,"value":"meq/m2"}],"tags":["IP_NA_CAT_15"]},{"_id":1439,"term":{"refid":"MDC_DIM_NANO_G_PER_M_SQ","code10":7764,"partition":4,"status":"proposed"},"dimension":"ML-2","dim":"ML-2","dimC":"ML-2","symbol":"ng m-2","ucums":[{"_id":1396,"value":"ng/m2"}],"tags":["IP_NA_CAT_15"]},{"_id":1379,"term":{"refid":"MDC_DIM_MILLI_G_PER_KG","code10":850,"cfCode10":262994,"partition":4,"status":"approved"},"dimension":"- mass fraction","dim":"MM-1","dimC":"1","symbol":"mg kg-1","ucums":[{"_id":1336,"value":"mg/kg"}],"tags":["IP_NA_CAT_15"]},{"_id":1682,"term":{"refid":"MDC_DIM_MEGA_INTL_UNIT","code10":5476,"cfCode10":267620,"partition":4,"status":"approved"},"dimension":"International Unit","dim":"[iU]","dimC":"[iU]","symbol":" ","unitOfMeasure":" ","ucums":[{"_id":1740,"value":"M[iU]"}],"tags":["IP_NA_CAT_15"]},{"_id":1628,"term":{"refid":"MDC_DIM_MILLI_MOLE_PER_KG","code10":4946,"cfCode10":267090,"partition":4,"status":"approved"},"dimension":"NM-1 (substance content)","dim":"NM-1","dimC":"M-1N","symbol":"mmol kg-1","ucums":[{"_id":1595,"value":"mmol/kg"}],"tags":["IP_NA_CAT_15"]},{"_id":1378,"term":{"refid":"MDC_DIM_X_G_PER_KG","code10":832,"cfCode10":262976,"partition":4,"status":"approved"},"dimension":"- mass fraction","dim":"MM-1","dimC":"1","symbol":"g kg-1","unitOfMeasure":"magnitude gram(s) per kilogram","ucums":[{"_id":1335,"value":"g/kg"}],"tags":["IP_NA_CAT_15"]},{"_id":1704,"term":{"refid":"MDC_DIM_MEGA_INTL_UNIT_PER_KG","code10":7684,"partition":4,"status":"proposed"},"dimension":"- IU dose quantity per body weight","dim":"[iU]M-1","dimC":"M-1[iU]","symbol":" ","unitOfMeasure":" ","ucums":[{"_id":1745,"value":"M[iU]/kg"}],"tags":["IP_NA_CAT_15"]},{"_id":1427,"term":{"refid":"MDC_DIM_MICRO_G","code10":1747,"cfCode10":263891,"partition":4,"status":"approved"},"dimension":"M (mass)","dim":"M","dimC":"M","symbol":"ug","ucums":[{"_id":1384,"value":"ug"}],"tags":["IP_NA_CAT_15"]},{"_id":1381,"term":{"refid":"MDC_DIM_NANO_G_PER_KG","code10":852,"cfCode10":262996,"partition":4,"status":"approved"},"dimension":"- mass fraction","dim":"MM-1","dimC":"1","symbol":"ng kg-1","ucums":[{"_id":1338,"value":"ng/kg"}],"tags":["IP_NA_CAT_15"]},{"_id":1428,"term":{"refid":"MDC_DIM_NANO_G","code10":1748,"cfCode10":263892,"partition":4,"status":"approved"},"dimension":"M (mass)","dim":"M","dimC":"M","symbol":"ng","ucums":[{"_id":1385,"value":"ng"}],"tags":["IP_NA_CAT_15"]},{"_id":1611,"term":{"refid":"MDC_DIM_X_EQUIV","code10":4576,"cfCode10":266720,"partition":4,"status":"approved"},"dimension":"N (amount of substance)","dim":"N","dimC":"N","symbol":"eq","unitOfMeasure":"magnitude equivalent","ucums":[{"_id":1579,"value":"eq"}],"tags":["IP_NA_CAT_15"]},{"_id":1627,"term":{"refid":"MDC_DIM_X_MOLE_PER_KG","code10":4928,"cfCode10":267072,"partition":4,"status":"approved"},"dimension":"NM-1 (substance content)","dim":"NM-1","dimC":"M-1N","symbol":"mol kg-1","unitOfMeasure":"magnitude mole(s) per kilogram","ucums":[{"_id":1594,"value":"mol/kg"}],"tags":["IP_NA_CAT_15"]},{"_id":1629,"term":{"refid":"MDC_DIM_X_MOLE_PER_M_SQ","code10":7552,"partition":4,"status":"proposed"},"dimension":"NM-1 (substance content)","dim":"NL-2","dimC":"L-2N","symbol":"mol m-2","unitOfMeasure":"magnitude mole(s) per square meter","ucums":[{"_id":1596,"value":"mol/m2"}],"tags":["IP_NA_CAT_15"]},{"_id":1498,"term":{"refid":"MDC_DIM_MILLI_L_PER_KG","code10":3186,"cfCode10":265330,"partition":4,"status":"approved"},"dimension":"L3M-1 (volume content)","dim":"L3M-1","dimC":"L3M-1","symbol":"ml kg-1","ucums":[{"_id":1462,"value":"mL/kg"}],"tags":["IP_NA_CAT_15"]},{"_id":1631,"term":{"refid":"MDC_DIM_X_EQUIV_PER_KG","code10":7584,"partition":4,"status":"proposed"},"dimension":"NM-1 (substance content)","dim":"NM-1","dimC":"M-1N","symbol":"eq kg-1","unitOfMeasure":"magnitude equivalents per kilogram","ucums":[{"_id":1598,"value":"eq/kg"}],"tags":["IP_NA_CAT_15"]},{"_id":1609,"term":{"refid":"MDC_DIM_X_MOLE","code10":4544,"cfCode10":266688,"partition":4,"status":"approved"},"dimension":"N (amount of substance)","dim":"N","dimC":"N","symbol":"mol","unitOfMeasure":"magnitude mole(s)","ucums":[{"_id":1577,"value":"mol"}],"tags":["IP_NA_CAT_15"]},{"_id":1709,"term":{"refid":"MDC_DIM_MEGA_INTL_UNIT_PER_M_SQ","code10":7716,"partition":4,"status":"proposed"},"dimension":"- IU dose quantity per body surface area","dim":"[iU]L-2","dimC":"L-2[iU]","symbol":" ","unitOfMeasure":" ","ucums":[{"_id":1746,"value":"M[iU]/m2"}],"tags":["IP_NA_CAT_15"]},{"_id":1416,"term":{"refid":"MDC_DIM_MILLI_L","code10":1618,"cfCode10":263762,"partition":4,"status":"approved"},"dimension":"L3 (volume)","dim":"L3","dimC":"L3","symbol":"ml","ucums":[{"_id":1372,"value":"mL"},{"_id":1373,"value":"{liquid}mL"}],"tags":["IP_NA_CAT_15"]},{"_id":1380,"term":{"refid":"MDC_DIM_MICRO_G_PER_KG","code10":851,"cfCode10":262995,"partition":4,"status":"approved"},"dimension":"- mass fraction","dim":"MM-1","dimC":"1","symbol":"ug kg-1","ucums":[{"_id":1337,"value":"ug/kg"}],"tags":["IP_NA_CAT_15"]},{"_id":1632,"term":{"refid":"MDC_DIM_MILLI_EQUIV_PER_KG","code10":7602,"partition":4,"status":"proposed"},"dimension":"NM-1 (substance content)","dim":"NM-1","dimC":"M-1N","symbol":"meq kg-1","ucums":[{"_id":1599,"value":"meq/kg"}],"tags":["IP_NA_CAT_15"]},{"_id":1681,"term":{"refid":"MDC_DIM_MILLI_INTL_UNIT","code10":5490,"cfCode10":267634,"partition":4,"status":"approved"},"dimension":"International Unit","dim":"[iU]","dimC":"[iU]","ucums":[{"_id":1648,"value":"m[iU]"}],"tags":["IP_NA_CAT_15"]},{"_id":1424,"term":{"refid":"MDC_DIM_X_G","code10":1728,"cfCode10":263872,"partition":4,"status":"approved"},"dimension":"M (mass)","dim":"M","dimC":"M","symbol":"g","unitOfMeasure":"magnitude gram","ucums":[{"_id":1381,"value":"g"}],"tags":["IP_NA_CAT_15"]},{"_id":1612,"term":{"refid":"MDC_DIM_MILLI_EQUIV","code10":4594,"cfCode10":266738,"partition":4,"status":"approved"},"dimension":"N (amount of substance)","dim":"N","dimC":"N","symbol":"meq","ucums":[{"_id":1580,"value":"meq"}],"tags":["IP_NA_CAT_15"]}]}
{"_id":36,"groupName":"_UOM_NOT_USED","units":[{"_id":1708,"term":{"refid":"MDC_DIM_NANO_INTL_UNIT_PER_M_SQ","code10":7732,"partition":4,"status":"proposed"},"dimension":"- IU dose quantity per body surface area","dim":"[iU]L-2","dimC":"L-2[iU]","ucums":[{"_id":1669,"value":"n[iU]/m2"}]},{"_id":1703,"term":{"refid":"MDC_DIM_NANO_INTL_UNIT_PER_KG","code10":7700,"partition":4,"status":"proposed"},"dimension":"- IU dose quantity per body weight","dim":"[iU]M-1","dimC":"M-1[iU]","ucums":[{"_id":1665,"value":"n[iU]/kg"}]},{"_id":1711,"term":{"refid":"MDC_DIM_MILLI_INTL_UNIT_PER_KG_PER_SEC","code10":5778,"cfCode10":267922,"partition":4,"status":"approved"},"dimension":"- IU dose rate per body weight","dim":"[iU]T-1M-1","dimC":"M-1T-1[iU]","ucums":[{"_id":1671,"value":"m[iU]/kg/s"}],"tags":[""]},{"_id":1707,"term":{"refid":"MDC_DIM_MICRO_INTL_UNIT_PER_M_SQ","code10":7731,"partition":4,"status":"proposed"},"dimension":"- IU dose quantity per body surface area","dim":"[iU]L-2","dimC":"L-2[iU]","ucums":[{"_id":1668,"value":"u[iU]/m2"}]},{"_id":1702,"term":{"refid":"MDC_DIM_MICRO_INTL_UNIT_PER_KG","code10":7699,"partition":4,"status":"proposed"},"dimension":"- IU dose quantity per body weight","dim":"[iU]M-1","dimC":"M-1[iU]","ucums":[{"_id":1664,"value":"u[iU]/kg"}]}]}
{"_id":35,"groupName":"_UOM_DOSE_RATE","units":[{"_id":1731,"term":{"refid":"MDC_DIM_MEGA_INTL_UNIT_PER_M_SQ_PER_MIN","code10":6980,"cfCode10":269124,"partition":4,"status":"approved"},"dimension":"- IU dose rate per body surface area","dim":"[iU]T-1L-2","dimC":"L-2T-1[iU]","symbol":" ","unitOfMeasure":" ","ucums":[{"_id":1752,"value":"M[iU]/m2/min"}],"tags":["IP_NA_CAT_15"]},{"_id":1531,"term":{"refid":"MDC_DIM_NANO_G_PER_LB_PER_MIN","code10":6804,"cfCode10":268948,"partition":4,"status":"approved"},"dimension":"- mass dose rate per body weight","dim":"MT-1M-1","dimC":"T-1","ucums":[{"_id":1495,"value":"ng/[lb_av]/min"}],"tags":["IP_NA_CAT_15"]},{"_id":1512,"term":{"refid":"MDC_DIM_MILLI_G_PER_DAY","code10":3410,"cfCode10":265554,"partition":4,"status":"approved"},"dimension":"MT-1 (mass flow rate)","dim":"MT-1","dimC":"MT-1","ucums":[{"_id":1476,"value":"mg/d"}],"tags":["IP_NA_CAT_15"]},{"_id":1674,"term":{"refid":"MDC_DIM_X_EQUIV_PER_M_SQ_PER_MIN","code10":7104,"cfCode10":269248,"partition":4,"status":"approved"},"dimension":"- eq dose rate per body surface area","dim":"NT-1L-2","dimC":"L-2T-1N","symbol":"eq m-2 min-1","unitOfMeasure":"magnitude equivalents per square meter per minute","ucums":[{"_id":1641,"value":"eq/m2/min"}],"tags":["IP_NA_CAT_15"]},{"_id":1648,"term":{"refid":"MDC_DIM_MILLI_EQUIV_PER_DAY","code10":5202,"cfCode10":267346,"partition":4,"status":"approved"},"dimension":"- eq dose rate","dim":"NT-1","dimC":"T-1N","ucums":[{"_id":1615,"value":"meq/d"}],"tags":["IP_NA_CAT_15"]},{"_id":1736,"term":{"refid":"MDC_DIM_MILLI_INTL_UNIT_PER_M_SQ_PER_DAY","code10":7218,"cfCode10":269362,"partition":4,"status":"approved"},"dimension":"- IU dose rate per body surface area","dim":"[iU]T-1L-2","dimC":"L-2T-1[iU]","ucums":[{"_id":1689,"value":"m[iU]/m2/d"}],"tags":["IP_NA_CAT_15"]},{"_id":1675,"term":{"refid":"MDC_DIM_MILLI_EQUIV_PER_M_SQ_PER_MIN","code10":7122,"cfCode10":269266,"partition":4,"status":"approved"},"dimension":"- eq dose rate per body surface area","dim":"NT-1L-2","dimC":"L-2T-1N","symbol":"meq m-2 min-1","ucums":[{"_id":1642,"value":"meq/m2/min"}],"tags":["IP_NA_CAT_15"]},{"_id":1529,"term":{"refid":"MDC_DIM_MILLI_G_PER_LB_PER_MIN","code10":6802,"cfCode10":268946,"partition":4,"status":"approved"},"dimension":"- mass dose rate per body weight","dim":"MT-1M-1","dimC":"T-1","ucums":[{"_id":1493,"value":"mg/[lb_av]/min"}],"tags":["IP_NA_CAT_15"]},{"_id":1638,"term":{"refid":"MDC_DIM_X_MOLE_PER_HR","code10":5024,"cfCode10":267168,"partition":4,"status":"approved"},"dimension":"- mol dose rate","dim":"NT-1","dimC":"T-1N","symbol":"mol h-1","unitOfMeasure":"magnitude mole(s) per hour","ucums":[{"_id":1605,"value":"mol/h"}],"tags":["IP_NA_CAT_15"]},{"_id":1651,"term":{"refid":"MDC_DIM_MILLI_MOLE_PER_KG_PER_MIN","code10":5266,"cfCode10":267410,"partition":4,"status":"approved"},"dimension":"- mol dose rate per body weight","dim":"NT-1M-1","dimC":"M-1T-1N","symbol":"mmol kg-1 min-1","ucums":[{"_id":1618,"value":"mmol/kg/min"}],"tags":["IP_NA_CAT_15"]},{"_id":1730,"term":{"refid":"MDC_DIM_MILLI_INTL_UNIT_PER_M_SQ_PER_MIN","code10":6994,"cfCode10":269138,"partition":4,"status":"approved"},"dimension":"- IU dose rate per body surface area","dim":"[iU]T-1L-2","dimC":"L-2T-1[iU]","ucums":[{"_id":1685,"value":"m[iU]/m2/min"}],"tags":["IP_NA_CAT_15"]},{"_id":1691,"term":{"refid":"MDC_DIM_X_INTL_UNIT_PER_MIN","code10":5664,"cfCode10":267808,"partition":4,"status":"approved"},"dimension":"- IU mass flow rate","dim":"[iU]T-1","dimC":"T-1[iU]","symbol":"i.u. min-1","unitOfMeasure":"magnitude international units per minute","ucums":[{"_id":1656,"value":"[iU]/min"}],"tags":["IP_NA_CAT_15"]},{"_id":1693,"term":{"refid":"MDC_DIM_MEGA_INTL_UNIT_PER_MIN","code10":5668,"cfCode10":267812,"partition":4,"status":"approved"},"dimension":"- IU mass flow rate","dim":"[iU]T-1","dimC":"T-1[iU]","symbol":" ","unitOfMeasure":" ","ucums":[{"_id":1742,"value":"M[iU]/min"}],"tags":["IP_NA_CAT_15"]},{"_id":1663,"term":{"refid":"MDC_DIM_X_EQUIV_PER_KG_PER_SEC","code10":5344,"cfCode10":267488,"partition":4,"status":"approved"},"dimension":"- eq dose rate per body weight","dim":"NT-1M-1","dimC":"M-1T-1N","symbol":"eq kg-1 s-1","unitOfMeasure":"magnitude equivalents per kilogram per second","ucums":[{"_id":1630,"value":"eq/kg/s"}],"tags":["IP_NA_CAT_15"]},{"_id":1689,"term":{"refid":"MDC_DIM_X_INTL_UNIT_PER_SEC","code10":5632,"cfCode10":267776,"partition":4,"status":"approved"},"dimension":"- IU mass flow rate","dim":"[iU]T-1","dimC":"T-1[iU]","symbol":"i.u. s-1","unitOfMeasure":"magnitude international units per second","ucums":[{"_id":1654,"value":"[iU]/s"}],"tags":["IP_NA_CAT_15"]},{"_id":1537,"term":{"refid":"MDC_DIM_MILLI_G_PER_M_SQ_PER_MIN","code10":6866,"cfCode10":269010,"partition":4,"status":"approved"},"dimension":"- mass dose rate per body surface area","dim":"MT-1L-2","dimC":"L-2MT-1","ucums":[{"_id":1501,"value":"mg/m2/min"}],"tags":["IP_NA_CAT_15"]},{"_id":1653,"term":{"refid":"MDC_DIM_MILLI_MOLE_PER_KG_PER_HR","code10":5298,"cfCode10":267442,"partition":4,"status":"approved"},"dimension":"- mol dose rate per body weight","dim":"NT-1M-1","dimC":"M-1T-1N","symbol":"mmol kg-1 h-1","ucums":[{"_id":1620,"value":"mmol/kg/h"}],"tags":["IP_NA_CAT_15"]},{"_id":1716,"term":{"refid":"MDC_DIM_X_INTL_UNIT_PER_KG_PER_HR","code10":5824,"cfCode10":267968,"partition":4,"status":"approved"},"dimension":"- IU dose rate per body weight","dim":"[iU]T-1M-1","dimC":"M-1T-1[iU]","symbol":"i.u. kg-1 h-1","unitOfMeasure":"magnitude int. units per kilogram per hour","ucums":[{"_id":1674,"value":"[iU]/kg/h"}],"tags":["IP_NA_CAT_15"]},{"_id":1726,"term":{"refid":"MDC_DIM_X_INTL_UNIT_PER_M_SQ_PER_SEC","code10":7648,"partition":4,"status":"proposed"},"dimension":"- IU dose rate per body surface area","dim":"[iU]T-1L-2","dimC":"L-2T-1[iU]","symbol":"i.u. m-2 sec-1","unitOfMeasure":"magnitude int. units per square meter per sec","ucums":[{"_id":1682,"value":"[iU]/m2/s"}],"tags":["IP_NA_CAT_15"]},{"_id":1724,"term":{"refid":"MDC_DIM_X_INTL_UNIT_PER_LB_PER_HR","code10":6880,"cfCode10":269024,"partition":4,"status":"approved"},"dimension":"- IU dose rate per body weight","dim":"[iU]T-1M-1","dimC":"M-1T-1[iU]","symbol":"i.u. lb-1 h-1","unitOfMeasure":"magnitude int. units per pound per day","ucums":[{"_id":1680,"value":"[iU]/[lb_av]/h"}],"tags":["IP_NA_CAT_15"]},{"_id":1642,"term":{"refid":"MDC_DIM_X_EQUIV_PER_SEC","code10":5088,"cfCode10":267232,"partition":4,"status":"approved"},"dimension":"- eq dose rate","dim":"NT-1","dimC":"T-1N","symbol":"eq s-1","unitOfMeasure":"magnitude equivalents per second","ucums":[{"_id":1609,"value":"eq/s"}],"tags":["IP_NA_CAT_15"]},{"_id":1728,"term":{"refid":"MDC_DIM_MEGA_INTL_UNIT_PER_M_SQ_PER_SEC","code10":7652,"partition":4,"status":"proposed"},"dimension":"- IU dose rate per body surface area","dim":"[iU]T-1L-2","dimC":"L-2T-1[iU]","symbol":" ","unitOfMeasure":" ","ucums":[{"_id":1751,"value":"M[iU]/m2/s"}],"tags":["IP_NA_CAT_15"]},{"_id":1506,"term":{"refid":"MDC_DIM_NANO_G_PER_MIN","code10":3348,"cfCode10":265492,"partition":4,"status":"approved"},"dimension":"MT-1 (mass flow rate)","dim":"MT-1","dimC":"MT-1","ucums":[{"_id":1470,"value":"ng/min"}],"tags":["IP_NA_CAT_15"]},{"_id":1652,"term":{"refid":"MDC_DIM_X_MOLE_PER_KG_PER_HR","code10":5280,"cfCode10":267424,"partition":4,"status":"approved"},"dimension":"- mol dose rate per body weight","dim":"NT-1M-1","dimC":"M-1T-1N","symbol":"mol kg-1 h-1","unitOfMeasure":"magnitude mole(s) per kilogram per hour","ucums":[{"_id":1619,"value":"mol/kg/h"}],"tags":["IP_NA_CAT_15"]},{"_id":1658,"term":{"refid":"MDC_DIM_MILLI_MOLE_PER_M_SQ_PER_MIN","code10":7474,"partition":4,"status":"proposed"},"dimension":"- mol dose rate per body surface area","dim":"NT-1L-2","dimC":"L-2T-1N","symbol":"mmol m-2 min-1","ucums":[{"_id":1625,"value":"mmol/m2/min"}],"tags":["IP_NA_CAT_15"]},{"_id":1694,"term":{"refid":"MDC_DIM_X_INTL_UNIT_PER_HR","code10":5696,"cfCode10":267840,"partition":4,"status":"approved"},"dimension":"- IU mass flow rate","dim":"[iU]T-1","dimC":"T-1[iU]","symbol":"i.u. h-1","unitOfMeasure":"magnitude international units per hour","ucums":[{"_id":1658,"value":"[iU]/h"}],"tags":["IP_NA_CAT_15"]},{"_id":1511,"term":{"refid":"MDC_DIM_X_G_PER_DAY","code10":3392,"cfCode10":265536,"partition":4,"status":"approved"},"dimension":"MT-1 (mass flow rate)","dim":"MT-1","dimC":"MT-1","symbol":"g d-1","unitOfMeasure":"magnitude gram(s) per day","ucums":[{"_id":1475,"value":"g/d"}],"tags":["IP_NA_CAT_15"]},{"_id":1720,"term":{"refid":"MDC_DIM_MILLI_INTL_UNIT_PER_KG_PER_DAY","code10":5874,"cfCode10":268018,"partition":4,"status":"approved"},"dimension":"- IU dose rate per body weight","dim":"[iU]T-1M-1","dimC":"M-1T-1[iU]","ucums":[{"_id":1677,"value":"m[iU]/kg/d"}],"tags":["IP_NA_CAT_15"]},{"_id":1670,"term":{"refid":"MDC_DIM_X_EQUIV_PER_LB_PER_MIN","code10":7040,"cfCode10":269184,"partition":4,"status":"approved"},"dimension":"- eq dose rate per body weight","dim":"NT-1M-1","dimC":"M-1T-1N","symbol":"eq lb-1 min-1","unitOfMeasure":"magnitude equivalents per pound per minute","ucums":[{"_id":1637,"value":"eq/[lb_av]/min"}],"tags":["IP_NA_CAT_15"]},{"_id":1503,"term":{"refid":"MDC_DIM_X_G_PER_MIN","code10":3328,"cfCode10":265472,"partition":4,"status":"approved"},"dimension":"MT-1 (mass flow rate)","dim":"MT-1","dimC":"MT-1","symbol":"g min-1","unitOfMeasure":"magnitude gram(s) per minute","ucums":[{"_id":1467,"value":"g/min"}],"tags":["IP_NA_CAT_15"]},{"_id":1664,"term":{"refid":"MDC_DIM_X_EQUIV_PER_KG_PER_MIN","code10":5376,"cfCode10":267520,"partition":4,"status":"approved"},"dimension":"- eq dose rate per body weight","dim":"NT-1M-1","dimC":"M-1T-1N","symbol":"eq kg-1 min-1","unitOfMeasure":"magnitude equivalents per kilogram per minute","ucums":[{"_id":1631,"value":"eq/kg/min"}],"tags":["IP_NA_CAT_15"]},{"_id":1540,"term":{"refid":"MDC_DIM_X_G_PER_M_SQ_PER_HR","code10":6816,"cfCode10":268960,"partition":4,"status":"approved"},"dimension":"- mass dose rate per body surface area","dim":"MT-1L-2","dimC":"L-2MT-1","symbol":"g m2 h-1","unitOfMeasure":"magnitude gram(s) per square meter per hour","ucums":[{"_id":1504,"value":"g/m2/h"}],"tags":["IP_NA_CAT_15"]},{"_id":1695,"term":{"refid":"MDC_DIM_MILLI_INTL_UNIT_PER_HR","code10":5714,"cfCode10":267858,"partition":4,"status":"approved"},"dimension":"- IU mass flow rate","dim":"[iU]T-1","dimC":"T-1[iU]","ucums":[{"_id":1659,"value":"m[iU]/h"}],"tags":["IP_NA_CAT_15"]},{"_id":1713,"term":{"refid":"MDC_DIM_X_INTL_UNIT_PER_KG_PER_MIN","code10":5792,"cfCode10":267936,"partition":4,"status":"approved"},"dimension":"- IU dose rate per body weight","dim":"[iU]T-1M-1","dimC":"M-1T-1[iU]","symbol":"i.u. kg-1 min-1","unitOfMeasure":"magnitude int. units per kilogram per minute","ucums":[{"_id":1672,"value":"[iU]/kg/min"}],"tags":["IP_NA_CAT_15"]},{"_id":1545,"term":{"refid":"MDC_DIM_MILLI_G_PER_M_SQ_PER_DAY","code10":7186,"cfCode10":269330,"partition":4,"status":"approved"},"dimension":"- mass dose rate per body surface area","dim":"MT-1L-2","dimC":"L-2MT-1","ucums":[{"_id":1509,"value":"mg/m2/d"}],"tags":["IP_NA_CAT_15"]},{"_id":1667,"term":{"refid":"MDC_DIM_MILLI_EQUIV_PER_KG_PER_HR","code10":5426,"cfCode10":267570,"partition":4,"status":"approved"},"dimension":"- eq dose rate per body weight","dim":"NT-1M-1","dimC":"M-1T-1N","symbol":"meq kg-1 h-1","ucums":[{"_id":1634,"value":"meq/kg/h"}],"tags":["IP_NA_CAT_15"]},{"_id":1722,"term":{"refid":"MDC_DIM_X_INTL_UNIT_PER_LB_PER_MIN","code10":6912,"cfCode10":269056,"partition":4,"status":"approved"},"dimension":"- IU dose rate per body weight","dim":"[iU]T-1M-1","dimC":"M-1T-1[iU]","symbol":"i.u. lb-1 min-1","unitOfMeasure":"magnitude int. units per pound per minute","ucums":[{"_id":1678,"value":"[iU]/[lb_av]/min"}],"tags":["IP_NA_CAT_15"]},{"_id":1696,"term":{"refid":"MDC_DIM_MEGA_INTL_UNIT_PER_HR","code10":5700,"cfCode10":267844,"partition":4,"status":"approved"},"dimension":"- IU mass flow rate","dim":"[iU]T-1","dimC":"T-1[iU]","symbol":" ","unitOfMeasure":" ","ucums":[{"_id":1743,"value":"M[iU]/h"}],"tags":["IP_NA_CAT_15"]},{"_id":1672,"term":{"refid":"MDC_DIM_X_EQUIV_PER_LB_PER_HR","code10":7008,"cfCode10":269152,"partition":4,"status":"approved"},"dimension":"- eq dose rate per body weight","dim":"NT-1M-1","dimC":"M-1T-1N","symbol":"eq lb-1 h-1","unitOfMeasure":"magnitude equivalents per pound per hour","ucums":[{"_id":1639,"value":"eq/[lb_av]/h"}],"tags":["IP_NA_CAT_15"]},{"_id":1723,"term":{"refid":"MDC_DIM_MILLI_INTL_UNIT_PER_LB_PER_MIN","code10":6930,"cfCode10":269074,"partition":4,"status":"approved"},"dimension":"- IU dose rate per body weight","dim":"[iU]T-1M-1","dimC":"M-1T-1[iU]","ucums":[{"_id":1679,"value":"m[iU]/[lb_av]/min"}],"tags":["IP_NA_CAT_15"]},{"_id":1677,"term":{"refid":"MDC_DIM_MILLI_EQUIV_PER_M_SQ_PER_HR","code10":7090,"cfCode10":269234,"partition":4,"status":"approved"},"dimension":"- eq dose rate per body surface area","dim":"NT-1L-2","dimC":"L-2T-1N","symbol":"meq m-2 h-1","ucums":[{"_id":1644,"value":"meq/m2/h"}],"tags":["IP_NA_CAT_15"]},{"_id":1546,"term":{"refid":"MDC_DIM_MICRO_G_PER_M_SQ_PER_DAY","code10":7187,"cfCode10":269331,"partition":4,"status":"approved"},"dimension":"- mass dose rate per body surface area","dim":"MT-1L-2","dimC":"L-2MT-1","ucums":[{"_id":1510,"value":"ug/m2/d"}],"tags":["IP_NA_CAT_15"]},{"_id":1656,"term":{"refid":"MDC_DIM_X_MOLE_PER_M_SQ_PER_SEC","code10":7424,"partition":4,"status":"proposed"},"dimension":"- mol dose rate per body surface area","dim":"NT-1L-2","dimC":"L-2T-1N","symbol":"mol m-2 s-1","unitOfMeasure":"magnitude mole(s) per square meter per second","ucums":[{"_id":1623,"value":"mol/m2/s"}],"tags":["IP_NA_CAT_15"]},{"_id":1636,"term":{"refid":"MDC_DIM_X_MOLE_PER_MIN","code10":4992,"cfCode10":267136,"partition":4,"status":"approved"},"dimension":"- mol dose rate","dim":"NT-1","dimC":"T-1N","symbol":"mol min-1","unitOfMeasure":"magnitude mole(s) per minute","ucums":[{"_id":1603,"value":"mol/min"}],"tags":["IP_NA_CAT_15"]},{"_id":1710,"term":{"refid":"MDC_DIM_X_INTL_UNIT_PER_KG_PER_SEC","code10":5760,"cfCode10":267904,"partition":4,"status":"approved"},"dimension":"- IU dose rate per body weight","dim":"[iU]T-1M-1","dimC":"M-1T-1[iU]","symbol":"i.u. kg-1 s-1","unitOfMeasure":"magnitude int. units per kilogram per second","ucums":[{"_id":1670,"value":"[iU]/kg/s"}],"tags":["IP_NA_CAT_15"]},{"_id":1646,"term":{"refid":"MDC_DIM_MILLI_EQUIV_PER_HR","code10":5170,"cfCode10":267314,"partition":4,"status":"approved"},"dimension":"- eq dose rate","dim":"NT-1","dimC":"T-1N","ucums":[{"_id":1613,"value":"meq/h"}],"tags":["IP_NA_CAT_15"]},{"_id":1547,"term":{"refid":"MDC_DIM_NANO_G_PER_M_SQ_PER_DAY","code10":7188,"cfCode10":269332,"partition":4,"status":"approved"},"dimension":"- mass dose rate per body surface area","dim":"MT-1L-2","dimC":"L-2MT-1","ucums":[{"_id":1511,"value":"ng/m2/d"}],"tags":["IP_NA_CAT_15"]},{"_id":1649,"term":{"refid":"MDC_DIM_X_MOLE_PER_KG_PER_SEC","code10":5216,"cfCode10":267360,"partition":4,"status":"approved"},"dimension":"- mol dose rate per body weight","dim":"NT-1M-1","dimC":"M-1T-1N","symbol":"mol kg-1 s-1","unitOfMeasure":"magnitude mole(s) per kilogram per second","ucums":[{"_id":1616,"value":"mol/kg/s"}],"tags":["IP_NA_CAT_15"]},{"_id":1690,"term":{"refid":"MDC_DIM_MEGA_INTL_UNIT_PER_SEC","code10":5636,"cfCode10":267780,"partition":4,"status":"approved"},"dimension":"- IU mass flow rate","dim":"[iU]T-1","dimC":"T-1[iU]","ucums":[{"_id":1655,"value":"M[iU]/s"}],"tags":["IP_NA_CAT_15"]},{"_id":1697,"term":{"refid":"MDC_DIM_X_INTL_UNIT_PER_DAY","code10":5728,"cfCode10":267872,"partition":4,"status":"approved"},"dimension":"- IU mass flow rate","dim":"[iU]T-1","dimC":"T-1[iU]","symbol":"i.u. d-1","unitOfMeasure":"magnitude international units per day","ucums":[{"_id":1660,"value":"[iU]/d"}],"tags":["IP_NA_CAT_15"]},{"_id":1524,"term":{"refid":"MDC_DIM_X_G_PER_KG_PER_DAY","code10":3520,"cfCode10":265664,"partition":4,"status":"approved"},"dimension":"- mass dose rate per body weight","dim":"MT-1M-1","dimC":"T-1","symbol":"g kg-1 d-1","unitOfMeasure":"magnitude gram(s) per kilogram per day","ucums":[{"_id":1488,"value":"g/kg/d"}],"tags":["IP_NA_CAT_15"]},{"_id":1502,"term":{"refid":"MDC_DIM_X_G_PER_SEC","code10":3296,"cfCode10":265440,"partition":4,"status":"approved"},"dimension":"MT-1 (mass flow rate)","dim":"MT-1","dimC":"MT-1","symbol":"g s-1","unitOfMeasure":"magnitude gram(s) per second","ucums":[{"_id":1466,"value":"g/s"}],"tags":["IP_NA_CAT_15"]},{"_id":1662,"term":{"refid":"MDC_DIM_MILLI_MOLE_PER_M_SQ_PER_DAY","code10":7538,"partition":4,"status":"proposed"},"dimension":"- mol dose rate per body surface area","dim":"NT-1L-2","dimC":"L-2T-1N","symbol":"mmol m-2 d-1","ucums":[{"_id":1629,"value":"mmol/m2/d"}],"tags":["IP_NA_CAT_15"]},{"_id":1679,"term":{"refid":"MDC_DIM_MILLI_EQUIV_PER_M_SQ_PER_DAY","code10":7154,"cfCode10":269298,"partition":4,"status":"approved"},"dimension":"- eq dose rate per body surface area","dim":"NT-1L-2","dimC":"L-2T-1N","symbol":"meq m-2 d-1","ucums":[{"_id":1646,"value":"meq/m2/d"}],"tags":["IP_NA_CAT_15"]},{"_id":1643,"term":{"refid":"MDC_DIM_X_EQUIV_PER_MIN","code10":5120,"cfCode10":267264,"partition":4,"status":"approved"},"dimension":"- eq dose rate","dim":"NT-1","dimC":"T-1N","symbol":"eq min-1","unitOfMeasure":"magnitude equivalents per minute","ucums":[{"_id":1610,"value":"eq/min"}],"tags":["IP_NA_CAT_15"]},{"_id":1521,"term":{"refid":"MDC_DIM_MILLI_G_PER_KG_PER_HR","code10":3506,"cfCode10":265650,"partition":4,"status":"approved"},"dimension":"- mass dose rate per body weight","dim":"MT-1M-1","dimC":"T-1","ucums":[{"_id":1485,"value":"mg/kg/h"}],"tags":["IP_NA_CAT_15"]},{"_id":1522,"term":{"refid":"MDC_DIM_MICRO_G_PER_KG_PER_HR","code10":3507,"cfCode10":265651,"partition":4,"status":"approved"},"dimension":"- mass dose rate per body weight","dim":"MT-1M-1","dimC":"T-1","ucums":[{"_id":1486,"value":"ug/kg/h"}],"tags":["IP_NA_CAT_15"]},{"_id":1698,"term":{"refid":"MDC_DIM_MILLI_INTL_UNIT_PER_DAY","code10":5746,"cfCode10":267890,"partition":4,"status":"approved"},"dimension":"- IU mass flow rate","dim":"[iU]T-1","dimC":"T-1[iU]","ucums":[{"_id":1661,"value":"m[iU]/d"}],"tags":["IP_NA_CAT_15"]},{"_id":1520,"term":{"refid":"MDC_DIM_X_G_PER_KG_PER_HR","code10":3488,"cfCode10":265632,"partition":4,"status":"approved"},"dimension":"- mass dose rate per body weight","dim":"MT-1M-1","dimC":"T-1","symbol":"g kg-1 h-1","unitOfMeasure":"magnitude gram(s) per kilogram per hour","ucums":[{"_id":1484,"value":"g/kg/h"}],"tags":["IP_NA_CAT_15"]},{"_id":1655,"term":{"refid":"MDC_DIM_MILLI_MOLE_PER_KG_PER_DAY","code10":5330,"cfCode10":267474,"partition":4,"status":"approved"},"dimension":"- mol dose rate per body weight","dim":"NT-1M-1","dimC":"M-1T-1N","symbol":"mmol kg-1 d-1","ucums":[{"_id":1622,"value":"mmol/kg/d"}],"tags":["IP_NA_CAT_15"]},{"_id":1671,"term":{"refid":"MDC_DIM_MILLI_EQUIV_PER_LB_PER_MIN","code10":7058,"cfCode10":269202,"partition":4,"status":"approved"},"dimension":"- eq dose rate per body weight","dim":"NT-1M-1","dimC":"M-1T-1N","symbol":"meq lb-1 min-1","ucums":[{"_id":1638,"value":"meq/[lb_av]/min"}],"tags":["IP_NA_CAT_15"]},{"_id":1719,"term":{"refid":"MDC_DIM_X_INTL_UNIT_PER_KG_PER_DAY","code10":5856,"cfCode10":268000,"partition":4,"status":"approved"},"dimension":"- IU dose rate per body weight","dim":"[iU]T-1M-1","dimC":"M-1T-1[iU]","symbol":"i.u. kg-1 d-1","unitOfMeasure":"magnitude int. units per kilogram per day","ucums":[{"_id":1676,"value":"[iU]/kg/d"}],"tags":["IP_NA_CAT_15"]},{"_id":1541,"term":{"refid":"MDC_DIM_MILLI_G_PER_M_SQ_PER_HR","code10":6834,"cfCode10":268978,"partition":4,"status":"approved"},"dimension":"- mass dose rate per body surface area","dim":"MT-1L-2","dimC":"L-2MT-1","ucums":[{"_id":1505,"value":"mg/m2/h"}],"tags":["IP_NA_CAT_15"]},{"_id":1669,"term":{"refid":"MDC_DIM_MILLI_EQUIV_PER_KG_PER_DAY","code10":5458,"cfCode10":267602,"partition":4,"status":"approved"},"dimension":"- eq dose rate per body weight","dim":"NT-1M-1","dimC":"M-1T-1N","symbol":"meq kg-1 d-1","ucums":[{"_id":1636,"value":"meq/kg/d"}],"tags":["IP_NA_CAT_15"]},{"_id":1718,"term":{"refid":"MDC_DIM_MEGA_INTL_UNIT_PER_KG_PER_HR","code10":5828,"cfCode10":267972,"partition":4,"status":"approved"},"dimension":"- IU dose rate per body weight","dim":"[iU]T-1M-1","dimC":"M-1T-1[iU]","symbol":" ","unitOfMeasure":" ","ucums":[{"_id":1749,"value":"M[iU]/kg/h"}],"tags":["IP_NA_CAT_15"]},{"_id":1519,"term":{"refid":"MDC_DIM_NANO_G_PER_KG_PER_MIN","code10":3476,"cfCode10":265620,"partition":4,"status":"approved"},"dimension":"- mass dose rate per body weight","dim":"MT-1M-1","dimC":"T-1","ucums":[{"_id":1483,"value":"ng/kg/min"}],"tags":["IP_NA_CAT_15"]},{"_id":1737,"term":{"refid":"MDC_DIM_MEGA_INTL_UNIT_PER_M_SQ_PER_DAY","code10":7204,"cfCode10":269348,"partition":4,"status":"approved"},"dimension":"- IU dose rate per body surface area","dim":"[iU]T-1L-2","dimC":"L-2T-1[iU]","symbol":" ","unitOfMeasure":" ","ucums":[{"_id":1754,"value":"M[iU]/m2/d"}],"tags":["IP_NA_CAT_15"]},{"_id":1734,"term":{"refid":"MDC_DIM_MEGA_INTL_UNIT_PER_M_SQ_PER_HR","code10":6948,"cfCode10":269092,"partition":4,"status":"approved"},"dimension":"- IU dose rate per body surface area","dim":"[iU]T-1L-2","dimC":"L-2T-1[iU]","symbol":" ","unitOfMeasure":" ","ucums":[{"_id":1753,"value":"M[iU]/m2/h"}],"tags":["IP_NA_CAT_15"]},{"_id":1647,"term":{"refid":"MDC_DIM_X_EQUIV_PER_DAY","code10":5184,"cfCode10":267328,"partition":4,"status":"approved"},"dimension":"- eq dose rate","dim":"NT-1","dimC":"T-1N","symbol":"eq d-1","unitOfMeasure":"magnitude equivalents per day","ucums":[{"_id":1614,"value":"eq/d"}],"tags":["IP_NA_CAT_15"]},{"_id":1692,"term":{"refid":"MDC_DIM_MILLI_INTL_UNIT_PER_MIN","code10":5682,"cfCode10":267826,"partition":4,"status":"approved"},"dimension":"- IU mass flow rate","dim":"[iU]T-1","dimC":"T-1[iU]","ucums":[{"_id":1657,"value":"m[iU]/min"}],"tags":["IP_NA_CAT_15"]},{"_id":1650,"term":{"refid":"MDC_DIM_X_MOLE_PER_KG_PER_MIN","code10":5248,"cfCode10":267392,"partition":4,"status":"approved"},"dimension":"- mol dose rate per body weight","dim":"NT-1M-1","dimC":"M-1T-1N","symbol":"mol kg-1 min-1","unitOfMeasure":"magnitude mole(s) per kilogram per minute","ucums":[{"_id":1617,"value":"mol/kg/min"}],"tags":["IP_NA_CAT_15"]},{"_id":1729,"term":{"refid":"MDC_DIM_X_INTL_UNIT_PER_M_SQ_PER_MIN","code10":6976,"cfCode10":269120,"partition":4,"status":"approved"},"dimension":"- IU dose rate per body surface area","dim":"[iU]T-1L-2","dimC":"L-2T-1[iU]","symbol":"i.u. m-2 min-1","unitOfMeasure":"magnitude int. units per square meter per min","ucums":[{"_id":1684,"value":"[iU]/m2/min"}],"tags":["IP_NA_CAT_15"]},{"_id":1534,"term":{"refid":"MDC_DIM_MICRO_G_PER_LB_PER_HR","code10":6771,"cfCode10":268915,"partition":4,"status":"approved"},"dimension":"- mass dose rate per body weight","dim":"MT-1M-1","dimC":"T-1","ucums":[{"_id":1498,"value":"ug/[lb_av]/h"}],"tags":["IP_NA_CAT_15"]},{"_id":1712,"term":{"refid":"MDC_DIM_MEGA_INTL_UNIT_PER_KG_PER_SEC","code10":5764,"cfCode10":267908,"partition":4,"status":"approved"},"dimension":"- IU dose rate per body weight","dim":"[iU]T-1M-1","dimC":"M-1T-1[iU]","symbol":" ","unitOfMeasure":" ","ucums":[{"_id":1747,"value":"M[iU]/kg/s"}],"tags":["IP_NA_CAT_15"]},{"_id":1714,"term":{"refid":"MDC_DIM_MILLI_INTL_UNIT_PER_KG_PER_MIN","code10":5810,"cfCode10":267954,"partition":4,"status":"approved"},"dimension":"- IU dose rate per body weight","dim":"[iU]T-1M-1","dimC":"M-1T-1[iU]","ucums":[{"_id":1673,"value":"m[iU]/kg/min"}],"tags":["IP_NA_CAT_15"]},{"_id":1539,"term":{"refid":"MDC_DIM_NANO_G_PER_M_SQ_PER_MIN","code10":6868,"cfCode10":269012,"partition":4,"status":"approved"},"dimension":"- mass dose rate per body surface area","dim":"MT-1L-2","dimC":"L-2MT-1","ucums":[{"_id":1503,"value":"ng/m2/min"}],"tags":["IP_NA_CAT_15"]},{"_id":1523,"term":{"refid":"MDC_DIM_NANO_G_PER_KG_PER_HR","code10":3508,"cfCode10":265652,"partition":4,"status":"approved"},"dimension":"- mass dose rate per body weight","dim":"MT-1M-1","dimC":"T-1","ucums":[{"_id":1487,"value":"ng/kg/h"}],"tags":["IP_NA_CAT_15"]},{"_id":1507,"term":{"refid":"MDC_DIM_X_G_PER_HR","code10":3360,"cfCode10":265504,"partition":4,"status":"approved"},"dimension":"MT-1 (mass flow rate)","dim":"MT-1","dimC":"MT-1","symbol":"g h-1","unitOfMeasure":"magnitude gram(s) per hour","ucums":[{"_id":1471,"value":"g/h"}],"tags":["IP_NA_CAT_15"]},{"_id":1644,"term":{"refid":"MDC_DIM_MILLI_EQUIV_PER_MIN","code10":5138,"cfCode10":267282,"partition":4,"status":"approved"},"dimension":"- eq dose rate","dim":"NT-1","dimC":"T-1N","ucums":[{"_id":1611,"value":"meq/min"}],"tags":["IP_NA_CAT_15"]},{"_id":1542,"term":{"refid":"MDC_DIM_MICRO_G_PER_M_SQ_PER_HR","code10":6835,"cfCode10":268979,"partition":4,"status":"approved"},"dimension":"- mass dose rate per body surface area","dim":"MT-1L-2","dimC":"L-2MT-1","ucums":[{"_id":1506,"value":"ug/m2/h"}],"tags":["IP_NA_CAT_15"]},{"_id":1645,"term":{"refid":"MDC_DIM_X_EQUIV_PER_HR","code10":5152,"cfCode10":267296,"partition":4,"status":"approved"},"dimension":"- eq dose rate","dim":"NT-1","dimC":"T-1N","symbol":"eq h-1","unitOfMeasure":"magnitude equivalents per hour","ucums":[{"_id":1612,"value":"eq/h"}],"tags":["IP_NA_CAT_15"]},{"_id":1513,"term":{"refid":"MDC_DIM_MICRO_G_PER_DAY","code10":3411,"cfCode10":265555,"partition":4,"status":"approved"},"dimension":"MT-1 (mass flow rate)","dim":"MT-1","dimC":"MT-1","ucums":[{"_id":1477,"value":"ug/d"}],"tags":["IP_NA_CAT_15"]},{"_id":1666,"term":{"refid":"MDC_DIM_X_EQUIV_PER_KG_PER_HR","code10":5408,"cfCode10":267552,"partition":4,"status":"approved"},"dimension":"- eq dose rate per body weight","dim":"NT-1M-1","dimC":"M-1T-1N","symbol":"eq kg-1 h-1","unitOfMeasure":"magnitude equivalents per kilogram per hour","ucums":[{"_id":1633,"value":"eq/kg/h"}],"tags":["IP_NA_CAT_15"]},{"_id":1715,"term":{"refid":"MDC_DIM_MEGA_INTL_UNIT_PER_KG_PER_MIN","code10":5796,"cfCode10":267940,"partition":4,"status":"approved"},"dimension":"- IU dose rate per body weight","dim":"[iU]T-1M-1","dimC":"M-1T-1[iU]","symbol":" ","unitOfMeasure":" ","ucums":[{"_id":1748,"value":"M[iU]/kg/min"}],"tags":["IP_NA_CAT_15"]},{"_id":1640,"term":{"refid":"MDC_DIM_X_MOLE_PER_DAY","code10":5056,"cfCode10":267200,"partition":4,"status":"approved"},"dimension":"- mol dose rate","dim":"NT-1","dimC":"T-1N","symbol":"mol d-1","unitOfMeasure":"magnitude mole(s) per day","ucums":[{"_id":1607,"value":"mol/d"}],"tags":["IP_NA_CAT_15"]},{"_id":1518,"term":{"refid":"MDC_DIM_MICRO_G_PER_KG_PER_MIN","code10":3475,"cfCode10":265619,"partition":4,"status":"approved"},"dimension":"- mass dose rate per body weight","dim":"MT-1M-1","dimC":"T-1","ucums":[{"_id":1482,"value":"ug/kg/min"}],"tags":["IP_NA_CAT_15"]},{"_id":1639,"term":{"refid":"MDC_DIM_MILLI_MOLE_PER_HR","code10":5042,"cfCode10":267186,"partition":4,"status":"approved"},"dimension":"- mol dose rate","dim":"NT-1","dimC":"T-1N","symbol":"mmol h-1","ucums":[{"_id":1606,"value":"mmol/h"}],"tags":["IP_NA_CAT_15"]},{"_id":1515,"term":{"refid":"MDC_DIM_X_G_PER_KG_PER_SEC","code10":3424,"cfCode10":265568,"partition":4,"status":"approved"},"dimension":"- mass dose rate per body weight","dim":"MT-1M-1","dimC":"T-1","symbol":"g kg-1 s-1","unitOfMeasure":"magnitude gram(s) per kilogram per second","ucums":[{"_id":1479,"value":"g/kg/s"}],"tags":["IP_NA_CAT_15"]},{"_id":1735,"term":{"refid":"MDC_DIM_X_INTL_UNIT_PER_M_SQ_PER_DAY","code10":7200,"cfCode10":269344,"partition":4,"status":"approved"},"dimension":"- IU dose rate per body surface area","dim":"[iU]T-1L-2","dimC":"L-2T-1[iU]","symbol":"i.u. m-2 d-1","unitOfMeasure":"magnitude int. units per square meter per day","ucums":[{"_id":1688,"value":"[iU]/m2/d"}],"tags":["IP_NA_CAT_15"]},{"_id":1661,"term":{"refid":"MDC_DIM_X_MOLE_PER_M_SQ_PER_DAY","code10":7520,"partition":4,"status":"proposed"},"dimension":"- mol dose rate per body surface area","dim":"NT-1L-2","dimC":"L-2T-1N","symbol":"mol m-2 d-1","unitOfMeasure":"magnitude mole(s) per square meter per day","ucums":[{"_id":1628,"value":"mol/m2/d"}],"tags":["IP_NA_CAT_15"]},{"_id":1635,"term":{"refid":"MDC_DIM_X_MOLE_PER_SEC","code10":4960,"cfCode10":267104,"partition":4,"status":"approved"},"dimension":"- mol dose rate","dim":"NT-1","dimC":"T-1N","symbol":"mol s-1","unitOfMeasure":"magnitude mole(s) per second","ucums":[{"_id":1602,"value":"mol/s"}],"tags":["IP_NA_CAT_15"]},{"_id":1532,"term":{"refid":"MDC_DIM_X_G_PER_LB_PER_HR","code10":6752,"cfCode10":268896,"partition":4,"status":"approved"},"dimension":"- mass dose rate per body weight","dim":"MT-1M-1","dimC":"T-1","symbol":"g lb-1 h-1","unitOfMeasure":"magnitude gram(s) per pound per hour","ucums":[{"_id":1496,"value":"g/[lb_av]/h"}],"tags":["IP_NA_CAT_15"]},{"_id":1544,"term":{"refid":"MDC_DIM_X_G_PER_M_SQ_PER_DAY","code10":7168,"cfCode10":269312,"partition":4,"status":"approved"},"dimension":"- mass dose rate per body surface area","dim":"MT-1L-2","dimC":"L-2MT-1","symbol":"g m2 d-1","unitOfMeasure":"magnitude gram(s) per square meter per day","ucums":[{"_id":1508,"value":"g/m2/d"}],"tags":["IP_NA_CAT_15"]},{"_id":1528,"term":{"refid":"MDC_DIM_X_G_PER_LB_PER_MIN","code10":6784,"cfCode10":268928,"partition":4,"status":"approved"},"dimension":"- mass dose rate per body weight","dim":"MT-1M-1","dimC":"T-1","symbol":"g lb-1 min-1","unitOfMeasure":"magnitude gram(s) per pound per minute","ucums":[{"_id":1492,"value":"g/[lb_av]/min"}],"tags":["IP_NA_CAT_15"]},{"_id":1527,"term":{"refid":"MDC_DIM_NANO_G_PER_KG_PER_DAY","code10":3540,"cfCode10":265684,"partition":4,"status":"approved"},"dimension":"- mass dose rate per body weight","dim":"MT-1M-1","dimC":"T-1","ucums":[{"_id":1491,"value":"ng/kg/d"}],"tags":["IP_NA_CAT_15"]},{"_id":1727,"term":{"refid":"MDC_DIM_MILLI_INTL_UNIT_PER_M_SQ_PER_SEC","code10":7666,"partition":4,"status":"proposed"},"dimension":"- IU dose rate per body surface area","dim":"[iU]T-1L-2","dimC":"L-2T-1[iU]","ucums":[{"_id":1683,"value":"m[iU]/m2/s"}],"tags":["IP_NA_CAT_15"]},{"_id":1732,"term":{"refid":"MDC_DIM_X_INTL_UNIT_PER_M_SQ_PER_HR","code10":6944,"cfCode10":269088,"partition":4,"status":"approved"},"dimension":"- IU dose rate per body surface area","dim":"[iU]T-1L-2","dimC":"L-2T-1[iU]","symbol":"i.u. m-2 h-1","unitOfMeasure":"magnitude int. units per square meter per hour","ucums":[{"_id":1686,"value":"[iU]/m2/h"}],"tags":["IP_NA_CAT_15"]},{"_id":1530,"term":{"refid":"MDC_DIM_MICRO_G_PER_LB_PER_MIN","code10":6803,"cfCode10":268947,"partition":4,"status":"approved"},"dimension":"- mass dose rate per body weight","dim":"MT-1M-1","dimC":"T-1","ucums":[{"_id":1494,"value":"ug/[lb_av]/min"}],"tags":["IP_NA_CAT_15"]},{"_id":1676,"term":{"refid":"MDC_DIM_X_EQUIV_PER_M_SQ_PER_HR","code10":7072,"cfCode10":269216,"partition":4,"status":"approved"},"dimension":"- eq dose rate per body surface area","dim":"NT-1L-2","dimC":"L-2T-1N","symbol":"eq m-2 h-1","unitOfMeasure":"magnitude equivalents per square meter per hour","ucums":[{"_id":1643,"value":"eq/m2/h"}],"tags":["IP_NA_CAT_15"]},{"_id":1535,"term":{"refid":"MDC_DIM_NANO_G_PER_LB_PER_HR","code10":6772,"cfCode10":268916,"partition":4,"status":"approved"},"dimension":"- mass dose rate per body weight","dim":"MT-1M-1","dimC":"T-1","ucums":[{"_id":1499,"value":"ng/[lb_av]/h"}],"tags":["IP_NA_CAT_15"]},{"_id":1678,"term":{"refid":"MDC_DIM_X_EQUIV_PER_M_SQ_PER_DAY","code10":7136,"cfCode10":269280,"partition":4,"status":"approved"},"dimension":"- eq dose rate per body surface area","dim":"NT-1L-2","dimC":"L-2T-1N","symbol":"eq m-2 d-1","unitOfMeasure":"magnitude equivalents per square meter per day","ucums":[{"_id":1645,"value":"eq/m2/d"}],"tags":["IP_NA_CAT_15"]},{"_id":1509,"term":{"refid":"MDC_DIM_MICRO_G_PER_HR","code10":3379,"cfCode10":265523,"partition":4,"status":"approved"},"dimension":"MT-1 (mass flow rate)","dim":"MT-1","dimC":"MT-1","ucums":[{"_id":1473,"value":"ug/h"}],"tags":["IP_NA_CAT_15"]},{"_id":1517,"term":{"refid":"MDC_DIM_MILLI_G_PER_KG_PER_MIN","code10":3474,"cfCode10":265618,"partition":4,"status":"approved"},"dimension":"- mass dose rate per body weight","dim":"MT-1M-1","dimC":"T-1","ucums":[{"_id":1481,"value":"mg/kg/min"}],"tags":["IP_NA_CAT_15"]},{"_id":1673,"term":{"refid":"MDC_DIM_MILLI_EQUIV_PER_LB_PER_HR","code10":7026,"cfCode10":269170,"partition":4,"status":"approved"},"dimension":"- eq dose rate per body weight","dim":"NT-1M-1","dimC":"M-1T-1N","symbol":"meq lb-1 h-1","ucums":[{"_id":1640,"value":"meq/[lb_av]/h"}],"tags":["IP_NA_CAT_15"]},{"_id":1536,"term":{"refid":"MDC_DIM_X_G_PER_M_SQ_PER_MIN","code10":6848,"cfCode10":268992,"partition":4,"status":"approved"},"dimension":"- mass dose rate per body surface area","dim":"MT-1L-2","dimC":"L-2MT-1","symbol":"g m2 min-1","unitOfMeasure":"magnitude gram(s) per square meter per minute","ucums":[{"_id":1500,"value":"g/m2/min"}],"tags":["IP_NA_CAT_15"]},{"_id":1733,"term":{"refid":"MDC_DIM_MILLI_INTL_UNIT_PER_M_SQ_PER_HR","code10":6962,"cfCode10":269106,"partition":4,"status":"approved"},"dimension":"- IU dose rate per body surface area","dim":"[iU]T-1L-2","dimC":"L-2T-1[iU]","ucums":[{"_id":1687,"value":"m[iU]/m2/h"}],"tags":["IP_NA_CAT_15"]},{"_id":1510,"term":{"refid":"MDC_DIM_NANO_G_PER_HR","code10":3380,"cfCode10":265524,"partition":4,"status":"approved"},"dimension":"MT-1 (mass flow rate)","dim":"MT-1","dimC":"MT-1","ucums":[{"_id":1474,"value":"ng/h"}],"tags":["IP_NA_CAT_15"]},{"_id":1657,"term":{"refid":"MDC_DIM_X_MOLE_PER_M_SQ_PER_MIN","code10":7456,"partition":4,"status":"proposed"},"dimension":"- mol dose rate per body surface area","dim":"NT-1L-2","dimC":"L-2T-1N","symbol":"mol m-2 min-1","unitOfMeasure":"magnitude mole(s) per square meter per minute","ucums":[{"_id":1624,"value":"mol/m2/min"}],"tags":["IP_NA_CAT_15"]},{"_id":1660,"term":{"refid":"MDC_DIM_MILLI_MOLE_PER_M_SQ_PER_HR","code10":7506,"partition":4,"status":"proposed"},"dimension":"- mol dose rate per body surface area","dim":"NT-1L-2","dimC":"L-2T-1N","symbol":"mmol m-2 h-1","ucums":[{"_id":1627,"value":"mmol/m2/h"}],"tags":["IP_NA_CAT_15"]},{"_id":1526,"term":{"refid":"MDC_DIM_MICRO_G_PER_KG_PER_DAY","code10":3539,"cfCode10":265683,"partition":4,"status":"approved"},"dimension":"- mass dose rate per body weight","dim":"MT-1M-1","dimC":"T-1","ucums":[{"_id":1490,"value":"ug/kg/d"}],"tags":["IP_NA_CAT_15"]},{"_id":1659,"term":{"refid":"MDC_DIM_X_MOLE_PER_M_SQ_PER_HR","code10":7488,"partition":4,"status":"proposed"},"dimension":"- mol dose rate per body surface area","dim":"NT-1L-2","dimC":"L-2T-1N","symbol":"mol m-2 h-1","unitOfMeasure":"magnitude mole(s) per square meter per hour","ucums":[{"_id":1626,"value":"mol/m2/h"}],"tags":["IP_NA_CAT_15"]},{"_id":1504,"term":{"refid":"MDC_DIM_MILLI_G_PER_MIN","code10":3346,"cfCode10":265490,"partition":4,"status":"approved"},"dimension":"MT-1 (mass flow rate)","dim":"MT-1","dimC":"MT-1","ucums":[{"_id":1468,"value":"mg/min"}],"tags":["IP_NA_CAT_15"]},{"_id":1525,"term":{"refid":"MDC_DIM_MILLI_G_PER_KG_PER_DAY","code10":3538,"cfCode10":265682,"partition":4,"status":"approved"},"dimension":"- mass dose rate per body weight","dim":"MT-1M-1","dimC":"T-1","ucums":[{"_id":1489,"value":"mg/kg/d"}],"tags":["IP_NA_CAT_15"]},{"_id":1637,"term":{"refid":"MDC_DIM_MILLI_MOLE_PER_MIN","code10":5010,"cfCode10":267154,"partition":4,"status":"approved"},"dimension":"- mol dose rate","dim":"NT-1","dimC":"T-1N","symbol":"mmol min-1","ucums":[{"_id":1604,"value":"mmol/min"}],"tags":["IP_NA_CAT_15"]},{"_id":1641,"term":{"refid":"MDC_DIM_MILLI_MOLE_PER_DAY","code10":5074,"cfCode10":267218,"partition":4,"status":"approved"},"dimension":"- mol dose rate","dim":"NT-1","dimC":"T-1N","symbol":"mmol d-1","ucums":[{"_id":1608,"value":"mmol/d"}],"tags":["IP_NA_CAT_15"]},{"_id":1725,"term":{"refid":"MDC_DIM_MILLI_INTL_UNIT_PER_LB_PER_HR","code10":6898,"cfCode10":269042,"partition":4,"status":"approved"},"dimension":"- IU dose rate per body weight","dim":"[iU]T-1M-1","dimC":"M-1T-1[iU]","ucums":[{"_id":1681,"value":"m[iU]/[lb_av]/h"}],"tags":["IP_NA_CAT_15"]},{"_id":1654,"term":{"refid":"MDC_DIM_X_MOLE_PER_KG_PER_DAY","code10":5312,"cfCode10":267456,"partition":4,"status":"approved"},"dimension":"- mol dose rate per body weight","dim":"NT-1M-1","dimC":"M-1T-1N","symbol":"mol kg-1 d-1","unitOfMeasure":"magnitude mole(s) per kilogram per day","ucums":[{"_id":1621,"value":"mol/kg/d"}],"tags":["IP_NA_CAT_15"]},{"_id":1665,"term":{"refid":"MDC_DIM_MILLI_EQUIV_PER_KG_PER_MIN","code10":5394,"cfCode10":267538,"partition":4,"status":"approved"},"dimension":"- eq dose rate per body weight","dim":"NT-1M-1","dimC":"M-1T-1N","symbol":"meq kg-1 min-1","ucums":[{"_id":1632,"value":"meq/kg/min"}],"tags":["IP_NA_CAT_15"]},{"_id":1668,"term":{"refid":"MDC_DIM_X_EQUIV_PER_KG_PER_DAY","code10":5440,"cfCode10":267584,"partition":4,"status":"approved"},"dimension":"- eq dose rate per body weight","dim":"NT-1M-1","dimC":"M-1T-1N","symbol":"eq kg-1 d-1","unitOfMeasure":"magnitude equivalents per kilogram per day","ucums":[{"_id":1635,"value":"eq/kg/d"}],"tags":["IP_NA_CAT_15"]},{"_id":1721,"term":{"refid":"MDC_DIM_MEGA_INTL_UNIT_PER_KG_PER_DAY","code10":5860,"cfCode10":268004,"partition":4,"status":"approved"},"dimension":"- IU dose rate per body weight","dim":"[iU]T-1M-1","dimC":"M-1T-1[iU]","symbol":" ","unitOfMeasure":" ","ucums":[{"_id":1750,"value":"M[iU]/kg/d"}],"tags":["IP_NA_CAT_15"]},{"_id":1717,"term":{"refid":"MDC_DIM_MILLI_INTL_UNIT_PER_KG_PER_HR","code10":5842,"cfCode10":267986,"partition":4,"status":"approved"},"dimension":"- IU dose rate per body weight","dim":"[iU]T-1M-1","dimC":"M-1T-1[iU]","ucums":[{"_id":1675,"value":"m[iU]/kg/h"}],"tags":["IP_NA_CAT_15"]},{"_id":1699,"term":{"refid":"MDC_DIM_MEGA_INTL_UNIT_PER_DAY","code10":5732,"cfCode10":267876,"partition":4,"status":"approved"},"dimension":"- IU mass flow rate","dim":"[iU]T-1","dimC":"T-1[iU]","symbol":" ","unitOfMeasure":" ","ucums":[{"_id":1744,"value":"M[iU]/d"}],"tags":["IP_NA_CAT_15"]},{"_id":1543,"term":{"refid":"MDC_DIM_NANO_G_PER_M_SQ_PER_HR","code10":6836,"cfCode10":268980,"partition":4,"status":"approved"},"dimension":"- mass dose rate per body surface area","dim":"MT-1L-2","dimC":"L-2MT-1","ucums":[{"_id":1507,"value":"ng/m2/h"}],"tags":["IP_NA_CAT_15"]},{"_id":1516,"term":{"refid":"MDC_DIM_X_G_PER_KG_PER_MIN","code10":3456,"cfCode10":265600,"partition":4,"status":"approved"},"dimension":"- mass dose rate per body weight","dim":"MT-1M-1","dimC":"T-1","symbol":"g kg-1 m-1","unitOfMeasure":"magnitude gram(s) per kilogram per minute","ucums":[{"_id":1480,"value":"g/kg/min"}],"tags":["IP_NA_CAT_15"]},{"_id":1508,"term":{"refid":"MDC_DIM_MILLI_G_PER_HR","code10":3378,"cfCode10":265522,"partition":4,"status":"approved"},"dimension":"MT-1 (mass flow rate)","dim":"MT-1","dimC":"MT-1","ucums":[{"_id":1472,"value":"mg/h"}],"tags":["IP_NA_CAT_15"]},{"_id":1538,"term":{"refid":"MDC_DIM_MICRO_G_PER_M_SQ_PER_MIN","code10":6867,"cfCode10":269011,"partition":4,"status":"approved"},"dimension":"- mass dose rate per body surface area","dim":"MT-1L-2","dimC":"L-2MT-1","ucums":[{"_id":1502,"value":"ug/m2/min"}],"tags":["IP_NA_CAT_15"]},{"_id":1505,"term":{"refid":"MDC_DIM_MICRO_G_PER_MIN","code10":3347,"cfCode10":265491,"partition":4,"status":"approved"},"dimension":"MT-1 (mass flow rate)","dim":"MT-1","dimC":"MT-1","ucums":[{"_id":1469,"value":"ug/min"}],"tags":["IP_NA_CAT_15"]},{"_id":1533,"term":{"refid":"MDC_DIM_MILLI_G_PER_LB_PER_HR","code10":6770,"cfCode10":268914,"partition":4,"status":"approved"},"dimension":"- mass dose rate per body weight","dim":"MT-1M-1","dimC":"T-1","ucums":[{"_id":1497,"value":"mg/[lb_av]/h"}],"tags":["IP_NA_CAT_15"]},{"_id":1514,"term":{"refid":"MDC_DIM_NANO_G_PER_DAY","code10":3412,"cfCode10":265556,"partition":4,"status":"approved"},"dimension":"MT-1 (mass flow rate)","dim":"MT-1","dimC":"MT-1","ucums":[{"_id":1478,"value":"ng/d"}],"tags":["IP_NA_CAT_15"]}]}
