{"_id":{"$oid":"57c983cd3fd4fa594ded5a8a"},"updatedAt":{"$date":"2016-09-02T13:51:09.393Z"},"createdAt":{"$date":"2016-09-02T13:51:09.393Z"},"userStat":"success","username":"admin","password":"$2a$08$4CJGZc.7x0hEyHuNa7nlAOwnqUzRiHgxRWkqle6O1cQPrWzx/4w0a","email":"admin@admin.com","test":{"name":"TEST"},"contributingOrganization":{"id":"57c35d420d18931b3bfa3b8a","name":"nist"},"userTypes":{"id":4,"usertype":"Admin"},"__v":0}
{"_id":{"$oid":"5817765dd0d997e4ebaaa735"},"updatedAt":{"$date":"2016-10-31T16:50:37.120Z"},"createdAt":{"$date":"2016-10-31T16:50:37.120Z"},"userStat":"success","username":"sdo","password":"$2a$08$nxu42Lj.fBqhlqOW68z2nOhNIw.s2n5kbwh/4OqrEagx7PnhtmNtq","email":"sdo@sdo.com","contributingOrganization":{"name":"Philips","_id":{"$oid":"56168969499588a00b2289a0"}},"userTypes":{"usertype":"SDO","id":3},"__v":0}
{"_id":{"$oid":"587517584d2f7975eaf4c89b"},"updatedAt":{"$date":"2017-01-10T17:18:16.165Z"},"createdAt":{"$date":"2017-01-10T17:18:16.164Z"},"userStat":"success","username":"vendor","password":"$2a$08$UEsDnyFrJc6GO9JArtJ.pOlQv6r/q0lAejz3nW2qWuNBCdenkrYie","email":"vendor@vendor.com","contributingOrganization":{"status":"success","name":"Philips","_id":{"$oid":"56168969499588a00b2289a0"}},"userTypes":{"usertype":"Contributing Organization","id":1},"__v":0}
{"_id":{"$oid":"588a69cb07b5c656450c095a"},"updatedAt":{"$date":"2017-01-26T21:27:39.465Z"},"createdAt":{"$date":"2017-01-26T21:27:39.465Z"},"userStat":"warning","username":"test","password":"$2a$08$.Lsr3xSCxE/HBHWExdOsEu5Zph9gqbjfuOSeB/LpHE/FK8uzM9Squ","email":"test@test.com","contributingOrganization":{"name":"test","status":"warning"},"userTypes":{"id":1,"usertype":"Contributing Organization"},"__v":0}
